[0.0, 0.0, 1.0, 0.0, 0.0, 0.0],c: 10,gv: -1.861910828025479
[0.0, 0.0, 0.0, 0.0, 0.0, 1.0],c: 10,gv: -2.24
[2.0, 0.0, 0.0, 0.0, 0.0, 0.0],c: 10,gv: -2.720180224062349
[1.0, 1.0, 0.0, 0.0, 0.0, 0.0],c: 13,gv: -2.2688235294117653
[0.0, 0.0, 1.0, 0.0, 0.0, 0.0],c: 10,gv: -0.7830000000000006
[0.0, 0.0, 0.0, 0.0, 0.0, 1.0],c: 10,gv: -1.8560000000000016
[2.0, 0.0, 0.0, 0.0, 0.0, 0.0],c: 10,gv: -0.2348999999999999
[1.0, 1.0, 0.0, 0.0, 0.0, 0.0],c: 13,gv: -0.026100000000000345
[1.0, 0.0, 0.0, 1.0, 0.0, 0.0],c: 10,gv: -0.19849403708987134
[1.0, 0.0, 0.0, 0.0, 1.0, 0.0],c: 13,gv: -0.16703999999999963
[0.0, 1.0, 0.0, 1.0, 0.0, 0.0],c: 13,gv: -0.04616716845878267
[0.0, 0.0, 0.0, 2.0, 0.0, 0.0],c: 10,gv: -0.11878399999999967
[0.0, 0.0, 0.0, 1.0, 1.0, 0.0],c: 13,gv: -0.11878399999999967
[0.0, 0.0, 1.0, 0.0, 0.0, 0.0],c: 10,gv: -8.700000000000001
[0.0, 0.0, 0.0, 0.0, 0.0, 1.0],c: 10,gv: -11.600000000000001
[2.0, 0.0, 0.0, 0.0, 0.0, 0.0],c: 10,gv: -10.061715509166334
[1.0, 1.0, 0.0, 0.0, 0.0, 0.0],c: 13,gv: -8.575504046084212
[1.0, 0.0, 0.0, 1.0, 0.0, 0.0],c: 10,gv: -6.670272114646421
[1.0, 0.0, 0.0, 0.0, 1.0, 0.0],c: 13,gv: -6.152783505154639
[0.0, 1.0, 0.0, 1.0, 0.0, 0.0],c: 13,gv: -6.558461538461539
[0.0, 0.0, 0.0, 2.0, 0.0, 0.0],c: 10,gv: -4.640000000000001
[0.0, 0.0, 0.0, 1.0, 1.0, 0.0],c: 13,gv: -4.640000000000001
[0.0, 0.0, 1.0, 0.0, 0.0, 0.0],c: 10,gv: -0.7830000000000007
[0.0, 0.0, 0.0, 0.0, 0.0, 1.0],c: 10,gv: -1.8560000000000016
[2.0, 0.0, 0.0, 0.0, 0.0, 0.0],c: 10,gv: -0.6277797356828199
[1.0, 1.0, 0.0, 0.0, 0.0, 0.0],c: 13,gv: -0.1210662650602411
[1.0, 0.0, 0.0, 1.0, 0.0, 0.0],c: 10,gv: -0.595517246127367
[1.0, 0.0, 0.0, 0.0, 1.0, 0.0],c: 13,gv: -0.46349837837837815
[0.0, 1.0, 0.0, 1.0, 0.0, 0.0],c: 13,gv: -0.191432016985138
[0.0, 0.0, 0.0, 2.0, 0.0, 0.0],c: 10,gv: -0.22736000000000045
[0.0, 0.0, 0.0, 1.0, 1.0, 0.0],c: 13,gv: -0.14290117152858844
[0.0, 0.0, 1.0, 0.0, 0.0, 0.0],c: 10,gv: -3.1992684117624974
[0.0, 0.0, 0.0, 0.0, 0.0, 1.0],c: 10,gv: -4.640000000000001
[2.0, 0.0, 0.0, 0.0, 0.0, 0.0],c: 10,gv: -3.3728886438809274
[1.0, 1.0, 0.0, 0.0, 0.0, 0.0],c: 13,gv: -3.1450698189878095
[1.0, 0.0, 0.0, 1.0, 0.0, 0.0],c: 10,gv: -2.3606510861235357
[1.0, 0.0, 0.0, 0.0, 1.0, 0.0],c: 13,gv: -2.023488262029073
[0.0, 1.0, 0.0, 1.0, 0.0, 0.0],c: 13,gv: -2.230010697134534
[0.0, 0.0, 0.0, 2.0, 0.0, 0.0],c: 10,gv: -1.6220845829823087
[0.0, 0.0, 0.0, 1.0, 1.0, 0.0],c: 13,gv: -1.539076374107324
[0.0, 0.0, 1.0, 0.0, 0.0, 0.0],c: 10,gv: -8.700000000000001
[0.0, 0.0, 0.0, 0.0, 0.0, 1.0],c: 10,gv: -11.600000000000001
[2.0, 0.0, 0.0, 0.0, 0.0, 0.0],c: 10,gv: -6.975330396475772
[1.0, 1.0, 0.0, 0.0, 0.0, 0.0],c: 13,gv: -4.0355421686746995
[1.0, 0.0, 0.0, 1.0, 0.0, 0.0],c: 10,gv: -5.317717391304349
[1.0, 0.0, 0.0, 0.0, 1.0, 0.0],c: 13,gv: -5.317717391304349
[0.0, 1.0, 0.0, 1.0, 0.0, 0.0],c: 13,gv: -6.773467336683417
[0.0, 0.0, 0.0, 2.0, 0.0, 0.0],c: 10,gv: -4.640000000000001
[0.0, 0.0, 0.0, 1.0, 1.0, 0.0],c: 13,gv: -4.640000000000001
[0.0, 1.0, 0.0, 0.0, 0.0, 0.0],c: 8,gv: -15.328571428571431
[0.0, 0.0, 1.0, 0.0, 0.0, 0.0],c: 10,gv: -10.338769670958515
[0.0, 0.0, 0.0, 0.0, 1.0, 0.0],c: 8,gv: -11.600000000000001
[0.0, 0.0, 0.0, 0.0, 0.0, 1.0],c: 10,gv: -11.600000000000001
[2.0, 0.0, 0.0, 0.0, 0.0, 0.0],c: 10,gv: -10.338769670958513
[1.0, 0.0, 0.0, 1.0, 0.0, 0.0],c: 10,gv: -7.511894273127754
[0.0, 0.0, 0.0, 2.0, 0.0, 0.0],c: 10,gv: -8.88125
[0.0, 1.0, 0.0, 0.0, 0.0, 0.0],c: 8,gv: -10.386046511627905
[0.0, 0.0, 1.0, 0.0, 0.0, 0.0],c: 10,gv: -8.700000000000001
[0.0, 0.0, 0.0, 0.0, 1.0, 0.0],c: 8,gv: -11.600000000000001
[0.0, 0.0, 0.0, 0.0, 0.0, 1.0],c: 10,gv: -11.600000000000001
[2.0, 0.0, 0.0, 0.0, 0.0, 0.0],c: 10,gv: -6.975330396475772
[1.0, 0.0, 0.0, 1.0, 0.0, 0.0],c: 10,gv: -5.317717391304349
[0.0, 0.0, 0.0, 2.0, 0.0, 0.0],c: 10,gv: -4.640000000000001
[0.0, 1.0, 0.0, 0.0, 0.0, 0.0],c: 8,gv: -1.0386046511627907
[0.0, 0.0, 1.0, 0.0, 0.0, 0.0],c: 10,gv: -1.2600000000000011
[0.0, 0.0, 0.0, 0.0, 1.0, 0.0],c: 8,gv: -2.24
[0.0, 0.0, 0.0, 0.0, 0.0, 1.0],c: 10,gv: -2.24
[2.0, 0.0, 0.0, 0.0, 0.0, 0.0],c: 10,gv: -0.6277797356828199
[1.0, 0.0, 0.0, 1.0, 0.0, 0.0],c: 10,gv: -0.5318921857304646
[0.0, 0.0, 0.0, 2.0, 0.0, 0.0],c: 10,gv: -0.35840000000000094
[0.0, 1.0, 0.0, 0.0, 0.0, 0.0],c: 8,gv: -1.0386046511627904
[0.0, 0.0, 1.0, 0.0, 0.0, 0.0],c: 10,gv: -0.7830000000000006
[0.0, 0.0, 0.0, 0.0, 1.0, 0.0],c: 8,gv: -1.8560000000000016
[0.0, 0.0, 0.0, 0.0, 0.0, 1.0],c: 10,gv: -1.8560000000000019
[2.0, 0.0, 0.0, 0.0, 0.0, 0.0],c: 10,gv: -0.6277797356828199
[1.0, 0.0, 0.0, 1.0, 0.0, 0.0],c: 10,gv: -0.4036299080367852
[0.0, 0.0, 0.0, 2.0, 0.0, 0.0],c: 10,gv: -0.32821894736842183
[0.0, 1.0, 0.0, 0.0, 0.0, 0.0],c: 8,gv: -19.927522935779816
[0.0, 0.0, 1.0, 0.0, 0.0, 0.0],c: 10,gv: -11.4771650682941
[0.0, 0.0, 0.0, 0.0, 1.0, 0.0],c: 8,gv: -13.559817351598173
[0.0, 0.0, 0.0, 0.0, 0.0, 1.0],c: 10,gv: -11.600000000000001
[2.0, 0.0, 0.0, 0.0, 0.0, 0.0],c: 10,gv: -13.963955637707953
[1.0, 0.0, 0.0, 1.0, 0.0, 0.0],c: 10,gv: -9.9105814984614
[0.0, 0.0, 0.0, 2.0, 0.0, 0.0],c: 10,gv: -8.20262240134073
[1.0, 1.0, 0.0, 0.0, 0.0, 0.0],c: 13,gv: -3.5562875676599277
[1.0, 0.0, 1.0, 0.0, 0.0, 0.0],c: 15,gv: -3.215212069394691
[1.0, 0.0, 0.0, 0.0, 1.0, 0.0],c: 13,gv: -3.670076188432235
[1.0, 0.0, 0.0, 0.0, 0.0, 1.0],c: 15,gv: -3.48
[0.0, 1.0, 0.0, 1.0, 0.0, 0.0],c: 13,gv: -2.479130071099958
[0.0, 0.0, 1.0, 1.0, 0.0, 0.0],c: 15,gv: -3.4800000000000004
[0.0, 0.0, 0.0, 1.0, 1.0, 0.0],c: 13,gv: -4.640000000000001
[0.0, 0.0, 0.0, 1.0, 0.0, 1.0],c: 15,gv: -4.640000000000001
[3.0, 0.0, 0.0, 0.0, 0.0, 0.0],c: 15,gv: -3.269835091368297
[2.0, 0.0, 0.0, 1.0, 0.0, 0.0],c: 15,gv: -2.3321699729595866
[1.0, 0.0, 0.0, 2.0, 0.0, 0.0],c: 15,gv: -2.1497526165556615
[0.0, 0.0, 0.0, 3.0, 0.0, 0.0],c: 15,gv: -1.9118738402939488
[1.0, 1.0, 0.0, 0.0, 0.0, 0.0],c: 13,gv: -3.2981807851239675
[1.0, 0.0, 1.0, 0.0, 0.0, 0.0],c: 15,gv: -2.3892501781791915
[1.0, 0.0, 0.0, 0.0, 1.0, 0.0],c: 13,gv: -3.1539057183570995
[1.0, 0.0, 0.0, 0.0, 0.0, 1.0],c: 15,gv: -2.0266042154566746
[0.0, 1.0, 0.0, 1.0, 0.0, 0.0],c: 13,gv: -3.5238171426330607
[0.0, 0.0, 1.0, 1.0, 0.0, 0.0],c: 15,gv: -1.3723943661971836
[0.0, 0.0, 0.0, 1.0, 1.0, 0.0],c: 13,gv: -1.913211230422967
[0.0, 0.0, 0.0, 1.0, 0.0, 1.0],c: 15,gv: -1.4610722704940167
[3.0, 0.0, 0.0, 0.0, 0.0, 0.0],c: 15,gv: -2.4849702044638113
[2.0, 0.0, 0.0, 1.0, 0.0, 0.0],c: 15,gv: -2.1012616769416503
[1.0, 0.0, 0.0, 2.0, 0.0, 0.0],c: 15,gv: -0.8230761981045206
[0.0, 0.0, 0.0, 3.0, 0.0, 0.0],c: 15,gv: -1.4405199547343555
[1.0, 1.0, 0.0, 0.0, 0.0, 0.0],c: 13,gv: -0.42000000000000043
[1.0, 0.0, 1.0, 0.0, 0.0, 0.0],c: 15,gv: -1.2600000000000011
[1.0, 0.0, 0.0, 0.0, 1.0, 0.0],c: 13,gv: -1.68
[1.0, 0.0, 0.0, 0.0, 0.0, 1.0],c: 15,gv: -1.68
[0.0, 1.0, 0.0, 1.0, 0.0, 0.0],c: 13,gv: -0.5600000000000005
[0.0, 0.0, 1.0, 1.0, 0.0, 0.0],c: 15,gv: -1.68
[0.0, 0.0, 0.0, 1.0, 1.0, 0.0],c: 13,gv: -2.24
[0.0, 0.0, 0.0, 1.0, 0.0, 1.0],c: 15,gv: -2.24
[3.0, 0.0, 0.0, 0.0, 0.0, 0.0],c: 15,gv: -0.37800000000000034
[2.0, 0.0, 0.0, 1.0, 0.0, 0.0],c: 15,gv: -0.5040000000000004
[1.0, 0.0, 0.0, 2.0, 0.0, 0.0],c: 15,gv: -0.6720000000000006
[0.0, 0.0, 0.0, 3.0, 0.0, 0.0],c: 15,gv: -0.8960000000000008
[1.0, 1.0, 0.0, 0.0, 0.0, 0.0],c: 13,gv: -0.4200000000000004
[1.0, 0.0, 1.0, 0.0, 0.0, 0.0],c: 15,gv: -1.2600000000000011
[1.0, 0.0, 0.0, 0.0, 1.0, 0.0],c: 13,gv: -1.68
[1.0, 0.0, 0.0, 0.0, 0.0, 1.0],c: 15,gv: -1.68
[0.0, 1.0, 0.0, 1.0, 0.0, 0.0],c: 13,gv: -0.5600000000000005
[0.0, 0.0, 1.0, 1.0, 0.0, 0.0],c: 15,gv: -1.68
[0.0, 0.0, 0.0, 1.0, 1.0, 0.0],c: 13,gv: -2.24
[0.0, 0.0, 0.0, 1.0, 0.0, 1.0],c: 15,gv: -2.24
[3.0, 0.0, 0.0, 0.0, 0.0, 0.0],c: 15,gv: -0.37800000000000034
[2.0, 0.0, 0.0, 1.0, 0.0, 0.0],c: 15,gv: -0.5040000000000004
[1.0, 0.0, 0.0, 2.0, 0.0, 0.0],c: 15,gv: -0.6720000000000006
[0.0, 0.0, 0.0, 3.0, 0.0, 0.0],c: 15,gv: -0.8960000000000008
[1.0, 1.0, 0.0, 0.0, 0.0, 0.0],c: 13,gv: -9.342159180457054
[1.0, 0.0, 1.0, 0.0, 0.0, 0.0],c: 15,gv: -6.15536672629696
[1.0, 0.0, 0.0, 0.0, 1.0, 0.0],c: 13,gv: -7.0221680876979296
[1.0, 0.0, 0.0, 0.0, 0.0, 1.0],c: 15,gv: -4.909767441860466
[0.0, 1.0, 0.0, 1.0, 0.0, 0.0],c: 13,gv: -5.828712871287129
[0.0, 0.0, 1.0, 1.0, 0.0, 0.0],c: 15,gv: -4.460217816252445
[0.0, 0.0, 0.0, 1.0, 1.0, 0.0],c: 13,gv: -5.2055981941309275
[0.0, 0.0, 0.0, 1.0, 0.0, 1.0],c: 15,gv: -4.640000000000001
[3.0, 0.0, 0.0, 0.0, 0.0, 0.0],c: 15,gv: -6.792344497607656
[2.0, 0.0, 0.0, 1.0, 0.0, 0.0],c: 15,gv: -6.1524540901502505
[1.0, 0.0, 0.0, 2.0, 0.0, 0.0],c: 15,gv: -4.011213897410864
[0.0, 0.0, 0.0, 3.0, 0.0, 0.0],c: 15,gv: -3.7281436588103265
[1.0, 0.0, 1.0, 0.0, 0.0, 0.0],c: 15,gv: -1.7353098340397137
[1.0, 0.0, 0.0, 0.0, 0.0, 1.0],c: 15,gv: -1.4059993064156555
[0.0, 2.0, 0.0, 0.0, 0.0, 0.0],c: 16,gv: -2.9046954045684115
[0.0, 1.0, 1.0, 0.0, 0.0, 0.0],c: 18,gv: -0.9743695298431435
[0.0, 1.0, 0.0, 0.0, 1.0, 0.0],c: 16,gv: -1.50479141230843
[0.0, 1.0, 0.0, 0.0, 0.0, 1.0],c: 18,gv: -0.7944977197602732
[0.0, 0.0, 1.0, 1.0, 0.0, 0.0],c: 15,gv: -1.6392934412886775
[0.0, 0.0, 1.0, 0.0, 1.0, 0.0],c: 18,gv: -1.0369700263733486
[0.0, 0.0, 0.0, 1.0, 0.0, 1.0],c: 15,gv: -1.2119990307729596
[0.0, 0.0, 0.0, 0.0, 2.0, 0.0],c: 16,gv: -1.5271313039527494
[0.0, 0.0, 0.0, 0.0, 1.0, 1.0],c: 18,gv: -0.820038522782962
[3.0, 0.0, 0.0, 0.0, 0.0, 0.0],c: 15,gv: -2.1891317886139605
[2.0, 1.0, 0.0, 0.0, 0.0, 0.0],c: 18,gv: -1.3928731845949986
[2.0, 0.0, 0.0, 1.0, 0.0, 0.0],c: 15,gv: -1.9405289530559484
[2.0, 0.0, 0.0, 0.0, 1.0, 0.0],c: 18,gv: -1.2936719030251644
[1.0, 1.0, 0.0, 1.0, 0.0, 0.0],c: 18,gv: -1.0970851709038227
[1.0, 0.0, 0.0, 2.0, 0.0, 0.0],c: 15,gv: -1.6600756201898959
[1.0, 0.0, 0.0, 1.0, 1.0, 0.0],c: 18,gv: -1.1439106861669535
[0.0, 1.0, 0.0, 2.0, 0.0, 0.0],c: 18,gv: -1.1882745640201613
[0.0, 0.0, 0.0, 3.0, 0.0, 0.0],c: 15,gv: -1.9104956974259906
[0.0, 0.0, 0.0, 2.0, 1.0, 0.0],c: 18,gv: -1.0128213645956723
[1.0, 0.0, 1.0, 0.0, 0.0, 0.0],c: 15,gv: -0.2348999999999999
[1.0, 0.0, 0.0, 0.0, 0.0, 1.0],c: 15,gv: -0.4175999999999991
[0.0, 2.0, 0.0, 0.0, 0.0, 0.0],c: 16,gv: -0.0028999999999996806
[0.0, 1.0, 1.0, 0.0, 0.0, 0.0],c: 18,gv: -0.026100000000000345
[0.0, 1.0, 0.0, 0.0, 1.0, 0.0],c: 16,gv: -0.04640000000000133
[0.0, 1.0, 0.0, 0.0, 0.0, 1.0],c: 18,gv: -0.04640000000000133
[0.0, 0.0, 1.0, 1.0, 0.0, 0.0],c: 15,gv: -0.4175999999999991
[0.0, 0.0, 1.0, 0.0, 1.0, 0.0],c: 18,gv: -0.4175999999999991
[0.0, 0.0, 0.0, 1.0, 0.0, 1.0],c: 15,gv: -0.742400000000002
[0.0, 0.0, 0.0, 0.0, 2.0, 0.0],c: 16,gv: -0.742400000000002
[0.0, 0.0, 0.0, 0.0, 1.0, 1.0],c: 18,gv: -0.742400000000002
[3.0, 0.0, 0.0, 0.0, 0.0, 0.0],c: 15,gv: -0.02114099999999941
[2.0, 1.0, 0.0, 0.0, 0.0, 0.0],c: 18,gv: -0.0023489999999999345
[2.0, 0.0, 0.0, 1.0, 0.0, 0.0],c: 15,gv: -0.03758399999999895
[2.0, 0.0, 0.0, 0.0, 1.0, 0.0],c: 18,gv: -0.03758399999999895
[1.0, 1.0, 0.0, 1.0, 0.0, 0.0],c: 18,gv: -0.004176000000000957
[1.0, 0.0, 0.0, 2.0, 0.0, 0.0],c: 15,gv: -0.06681599999999921
[1.0, 0.0, 0.0, 1.0, 1.0, 0.0],c: 18,gv: -0.06681599999999921
[0.0, 1.0, 0.0, 2.0, 0.0, 0.0],c: 18,gv: -0.007424000000000985
[0.0, 0.0, 0.0, 3.0, 0.0, 0.0],c: 15,gv: -0.11878399999999967
[0.0, 0.0, 0.0, 2.0, 1.0, 0.0],c: 18,gv: -0.11878399999999967
[1.0, 0.0, 1.0, 0.0, 0.0, 0.0],c: 15,gv: -2.610000000000002
[1.0, 0.0, 0.0, 0.0, 0.0, 1.0],c: 15,gv: -3.48
[0.0, 2.0, 0.0, 0.0, 0.0, 0.0],c: 16,gv: -2.6824999999999997
[0.0, 1.0, 1.0, 0.0, 0.0, 0.0],c: 18,gv: -1.1600000000000004
[0.0, 1.0, 0.0, 0.0, 1.0, 0.0],c: 16,gv: -2.0498401394045005
[0.0, 1.0, 0.0, 0.0, 0.0, 1.0],c: 18,gv: -1.751836734693879
[0.0, 0.0, 1.0, 1.0, 0.0, 0.0],c: 15,gv: -3.48
[0.0, 0.0, 1.0, 0.0, 1.0, 0.0],c: 18,gv: -3.48
[0.0, 0.0, 0.0, 1.0, 0.0, 1.0],c: 15,gv: -4.640000000000001
[0.0, 0.0, 0.0, 0.0, 2.0, 0.0],c: 16,gv: -4.640000000000001
[0.0, 0.0, 0.0, 0.0, 1.0, 1.0],c: 18,gv: -4.640000000000001
[3.0, 0.0, 0.0, 0.0, 0.0, 0.0],c: 15,gv: -2.6100000000000025
[2.0, 1.0, 0.0, 0.0, 0.0, 0.0],c: 18,gv: -1.615714285714287
[2.0, 0.0, 0.0, 1.0, 0.0, 0.0],c: 15,gv: -2.338560000000002
[2.0, 0.0, 0.0, 0.0, 1.0, 0.0],c: 18,gv: -1.7260800000000014
[1.0, 1.0, 0.0, 1.0, 0.0, 0.0],c: 18,gv: -1.4314893617021283
[1.0, 0.0, 0.0, 2.0, 0.0, 0.0],c: 15,gv: -1.3920000000000012
[1.0, 0.0, 0.0, 1.0, 1.0, 0.0],c: 18,gv: -1.5370996563573893
[0.0, 1.0, 0.0, 2.0, 0.0, 0.0],c: 18,gv: -1.2945210084033614
[0.0, 0.0, 0.0, 3.0, 0.0, 0.0],c: 15,gv: -1.8560000000000016
[0.0, 0.0, 0.0, 2.0, 1.0, 0.0],c: 18,gv: -1.8560000000000016
[1.0, 0.0, 1.0, 0.0, 0.0, 0.0],c: 15,gv: -0.07047000000000125
[1.0, 0.0, 0.0, 0.0, 0.0, 1.0],c: 15,gv: -0.16703999999999963
[0.0, 2.0, 0.0, 0.0, 0.0, 0.0],c: 16,gv: -0.0028999999999996806
[0.0, 1.0, 1.0, 0.0, 0.0, 0.0],c: 18,gv: -0.007829999999999782
[0.0, 1.0, 0.0, 0.0, 1.0, 0.0],c: 16,gv: -0.018559999999999244
[0.0, 1.0, 0.0, 0.0, 0.0, 1.0],c: 18,gv: -0.033366292134831735
[0.0, 0.0, 1.0, 1.0, 0.0, 0.0],c: 15,gv: -0.057599999999999874
[0.0, 0.0, 1.0, 0.0, 1.0, 0.0],c: 18,gv: -0.057599999999999874
[0.0, 0.0, 0.0, 1.0, 0.0, 1.0],c: 15,gv: -0.11878399999999967
[0.0, 0.0, 0.0, 0.0, 2.0, 0.0],c: 16,gv: -0.11878399999999967
[0.0, 0.0, 0.0, 0.0, 1.0, 1.0],c: 18,gv: -0.11878399999999967
[3.0, 0.0, 0.0, 0.0, 0.0, 0.0],c: 15,gv: -0.02114099999999941
[2.0, 1.0, 0.0, 0.0, 0.0, 0.0],c: 18,gv: -0.0023489999999999345
[2.0, 0.0, 0.0, 1.0, 0.0, 0.0],c: 15,gv: -0.027837860929696305
[2.0, 0.0, 0.0, 0.0, 1.0, 0.0],c: 18,gv: -0.016495720698254595
[1.0, 1.0, 0.0, 1.0, 0.0, 0.0],c: 18,gv: -0.0037491031349393402
[1.0, 0.0, 0.0, 2.0, 0.0, 0.0],c: 15,gv: -0.010690560000000904
[1.0, 0.0, 0.0, 1.0, 1.0, 0.0],c: 18,gv: -0.025171678670360263
[0.0, 1.0, 0.0, 2.0, 0.0, 0.0],c: 18,gv: -0.002654391061451381
[0.0, 0.0, 0.0, 3.0, 0.0, 0.0],c: 15,gv: -0.016383999999999954
[0.0, 0.0, 0.0, 2.0, 1.0, 0.0],c: 18,gv: -0.016383999999999954
[1.0, 0.0, 1.0, 0.0, 0.0, 0.0],c: 15,gv: -1.9317982736549622
[1.0, 0.0, 0.0, 0.0, 0.0, 1.0],c: 15,gv: -1.646660465116279
[0.0, 2.0, 0.0, 0.0, 0.0, 0.0],c: 16,gv: -2.8658823529411768
[0.0, 1.0, 1.0, 0.0, 0.0, 0.0],c: 18,gv: -1.6683682634730552
[0.0, 1.0, 0.0, 0.0, 1.0, 0.0],c: 16,gv: -1.600741364785173
[0.0, 1.0, 0.0, 0.0, 0.0, 1.0],c: 18,gv: -2.1280790477680562
[0.0, 0.0, 1.0, 1.0, 0.0, 0.0],c: 15,gv: -1.277768410374012
[0.0, 0.0, 1.0, 0.0, 1.0, 0.0],c: 18,gv: -1.374216910150724
[0.0, 0.0, 0.0, 1.0, 0.0, 1.0],c: 15,gv: -0.8459906976744198
[0.0, 0.0, 0.0, 0.0, 2.0, 0.0],c: 16,gv: -1.4348764867337616
[0.0, 0.0, 0.0, 0.0, 1.0, 1.0],c: 18,gv: -0.742400000000002
[3.0, 0.0, 0.0, 0.0, 0.0, 0.0],c: 15,gv: -1.7202814558283932
[2.0, 1.0, 0.0, 0.0, 0.0, 0.0],c: 18,gv: -1.5734178997469062
[2.0, 0.0, 0.0, 1.0, 0.0, 0.0],c: 15,gv: -1.5850784876510402
[2.0, 0.0, 0.0, 0.0, 1.0, 0.0],c: 18,gv: -1.0460558629636993
[1.0, 1.0, 0.0, 1.0, 0.0, 0.0],c: 18,gv: -1.434802546770918
[1.0, 0.0, 0.0, 2.0, 0.0, 0.0],c: 15,gv: -0.7191695056197862
[1.0, 0.0, 0.0, 1.0, 1.0, 0.0],c: 18,gv: -1.404596078431373
[0.0, 1.0, 0.0, 2.0, 0.0, 0.0],c: 18,gv: -0.39096966040005987
[0.0, 0.0, 0.0, 3.0, 0.0, 0.0],c: 15,gv: -0.730011765662202
[0.0, 0.0, 0.0, 2.0, 1.0, 0.0],c: 18,gv: -0.7530821065345779
[1.0, 1.0, 0.0, 1.0, 0.0, 0.0],c: 18,gv: -1.0838196663116797
[1.0, 0.0, 1.0, 1.0, 0.0, 0.0],c: 20,gv: -0.7809228250488884
[1.0, 1.0, 0.0, 1.0, 0.0, 0.0],c: 18,gv: -1.0838196663116797
[1.0, 0.0, 1.0, 1.0, 0.0, 0.0],c: 20,gv: -0.7809228250488884
[1.0, 0.0, 0.0, 1.0, 1.0, 0.0],c: 18,gv: -1.1592210152083755
[1.0, 0.0, 0.0, 1.0, 0.0, 1.0],c: 20,gv: -0.7242584226733031
[1.0, 0.0, 0.0, 1.0, 1.0, 0.0],c: 18,gv: -1.1592210152083755
[1.0, 0.0, 0.0, 1.0, 0.0, 1.0],c: 20,gv: -0.7242584226733031
[1.0, 0.0, 0.0, 3.0, 0.0, 0.0],c: 20,gv: -1.0312887482063373
[1.0, 1.0, 0.0, 1.0, 0.0, 0.0],c: 18,gv: -0.002016000000000462
[1.0, 0.0, 1.0, 1.0, 0.0, 0.0],c: 20,gv: -0.018143999999999494
[1.0, 1.0, 0.0, 1.0, 0.0, 0.0],c: 18,gv: -0.002016000000000462
[1.0, 0.0, 1.0, 1.0, 0.0, 0.0],c: 20,gv: -0.018143999999999494
[1.0, 0.0, 0.0, 1.0, 1.0, 0.0],c: 18,gv: -0.05205305400981968
[1.0, 0.0, 0.0, 1.0, 0.0, 1.0],c: 20,gv: -0.03225599999999962
[1.0, 0.0, 0.0, 1.0, 1.0, 0.0],c: 18,gv: -0.05205305400981968
[1.0, 0.0, 0.0, 1.0, 0.0, 1.0],c: 20,gv: -0.03225599999999962
[1.0, 0.0, 0.0, 3.0, 0.0, 0.0],c: 20,gv: -0.005160960000000436
[1.0, 1.0, 0.0, 1.0, 0.0, 0.0],c: 18,gv: -1.903167848699764
[1.0, 0.0, 1.0, 1.0, 0.0, 0.0],c: 20,gv: -2.127910799617714
[1.0, 1.0, 0.0, 1.0, 0.0, 0.0],c: 18,gv: -1.903167848699764
[1.0, 0.0, 1.0, 1.0, 0.0, 0.0],c: 20,gv: -2.127910799617714
[1.0, 0.0, 0.0, 1.0, 1.0, 0.0],c: 18,gv: -2.6177910447761197
[1.0, 0.0, 0.0, 1.0, 0.0, 1.0],c: 20,gv: -1.9079160839160845
[1.0, 0.0, 0.0, 1.0, 1.0, 0.0],c: 18,gv: -2.6177910447761197
[1.0, 0.0, 0.0, 1.0, 0.0, 1.0],c: 20,gv: -1.9079160839160845
[1.0, 0.0, 0.0, 3.0, 0.0, 0.0],c: 20,gv: -1.5131244979919682
[1.0, 1.0, 0.0, 1.0, 0.0, 0.0],c: 18,gv: -0.347999999999999
[1.0, 0.0, 1.0, 1.0, 0.0, 0.0],c: 20,gv: -1.0440000000000005
[1.0, 1.0, 0.0, 1.0, 0.0, 0.0],c: 18,gv: -0.347999999999999
[1.0, 0.0, 1.0, 1.0, 0.0, 0.0],c: 20,gv: -1.0440000000000005
[1.0, 0.0, 0.0, 1.0, 1.0, 0.0],c: 18,gv: -1.392000000000003
[1.0, 1.0, 0.0, 1.0, 0.0, 0.0],c: 18,gv: -3.0043503292432803
[1.0, 0.0, 1.0, 1.0, 0.0, 0.0],c: 20,gv: -2.865506284621658
[1.0, 1.0, 0.0, 1.0, 0.0, 0.0],c: 18,gv: -3.0043503292432803
[1.0, 0.0, 1.0, 1.0, 0.0, 0.0],c: 20,gv: -2.865506284621658
[1.0, 0.0, 0.0, 1.0, 1.0, 0.0],c: 18,gv: -3.522460057491994
[1.0, 0.0, 0.0, 1.0, 0.0, 1.0],c: 20,gv: -3.004757709251101
[1.0, 0.0, 0.0, 1.0, 1.0, 0.0],c: 18,gv: -3.522460057491994
[1.0, 0.0, 0.0, 1.0, 0.0, 1.0],c: 20,gv: -3.004757709251101
[1.0, 0.0, 0.0, 3.0, 0.0, 0.0],c: 20,gv: -3.55968992248062
[1.0, 1.0, 0.0, 1.0, 0.0, 0.0],c: 18,gv: -3.3721735157115753
[1.0, 0.0, 1.0, 1.0, 0.0, 0.0],c: 20,gv: -1.5882133929494389
[1.0, 1.0, 0.0, 1.0, 0.0, 0.0],c: 18,gv: -3.3721735157115753
[1.0, 0.0, 1.0, 1.0, 0.0, 0.0],c: 20,gv: -1.5882133929494389
[1.0, 0.0, 0.0, 1.0, 1.0, 0.0],c: 18,gv: -2.5745462263684304
[1.0, 0.0, 0.0, 1.0, 0.0, 1.0],c: 20,gv: -1.9728396195666533
[1.0, 0.0, 0.0, 1.0, 1.0, 0.0],c: 18,gv: -2.5745462263684304
[1.0, 0.0, 0.0, 1.0, 0.0, 1.0],c: 20,gv: -1.9728396195666533
[1.0, 0.0, 0.0, 3.0, 0.0, 0.0],c: 20,gv: -2.0415471417535995
[1.0, 1.0, 0.0, 1.0, 0.0, 0.0],c: 18,gv: -0.9181862091519715
[1.0, 0.0, 1.0, 1.0, 0.0, 0.0],c: 20,gv: -0.5040000000000004
[1.0, 1.0, 0.0, 1.0, 0.0, 0.0],c: 18,gv: -0.9181862091519715
[1.0, 0.0, 1.0, 1.0, 0.0, 0.0],c: 20,gv: -0.5040000000000004
[1.0, 0.0, 0.0, 1.0, 1.0, 0.0],c: 18,gv: -0.6720000000000006
[1.0, 0.0, 0.0, 1.0, 0.0, 1.0],c: 20,gv: -0.6720000000000006
[1.0, 0.0, 0.0, 1.0, 1.0, 0.0],c: 18,gv: -0.6720000000000006
[1.0, 0.0, 0.0, 1.0, 0.0, 1.0],c: 20,gv: -0.6720000000000006
[1.0, 0.0, 0.0, 3.0, 0.0, 0.0],c: 20,gv: -0.29338903363936675
[1.0, 1.0, 0.0, 1.0, 0.0, 0.0],c: 18,gv: -0.016208588007736856
[1.0, 0.0, 1.0, 1.0, 0.0, 0.0],c: 20,gv: -0.018143999999999494
[1.0, 1.0, 0.0, 1.0, 0.0, 0.0],c: 18,gv: -0.016208588007736856
[1.0, 0.0, 1.0, 1.0, 0.0, 0.0],c: 20,gv: -0.018143999999999494
[1.0, 0.0, 0.0, 1.0, 1.0, 0.0],c: 18,gv: -0.035597445999744015
[1.0, 0.0, 0.0, 1.0, 0.0, 1.0],c: 20,gv: -0.035597445999744015
[1.0, 0.0, 0.0, 1.0, 1.0, 0.0],c: 18,gv: -0.035597445999744015
[1.0, 0.0, 0.0, 1.0, 0.0, 1.0],c: 20,gv: -0.035597445999744015
[1.0, 0.0, 0.0, 3.0, 0.0, 0.0],c: 20,gv: -0.012970127433687886
[1.0, 1.0, 0.0, 1.0, 0.0, 0.0],c: 18,gv: -0.004176000000000957
[1.0, 0.0, 1.0, 1.0, 0.0, 0.0],c: 20,gv: -2.6127360000050004E-4
[1.0, 1.0, 0.0, 1.0, 0.0, 0.0],c: 18,gv: -0.004176000000000957
[1.0, 0.0, 1.0, 1.0, 0.0, 0.0],c: 20,gv: -2.6127360000050004E-4
[1.0, 0.0, 0.0, 1.0, 1.0, 0.0],c: 18,gv: -0.005160960000000436
[1.0, 0.0, 0.0, 1.0, 0.0, 1.0],c: 20,gv: -1.321205760005384E-4
[1.0, 0.0, 0.0, 1.0, 1.0, 0.0],c: 18,gv: -0.005160960000000436
[1.0, 0.0, 0.0, 1.0, 0.0, 1.0],c: 20,gv: -1.321205760005384E-4
[1.0, 0.0, 0.0, 3.0, 0.0, 0.0],c: 20,gv: -0.001710489600000531
[0.0, 1.0, 0.0, 0.0, 0.0, 0.0],c: 8,gv: -9.961162790697674
[0.0, 0.0, 1.0, 0.0, 0.0, 0.0],c: 10,gv: -3.367058537462073
[0.0, 0.0, 0.0, 0.0, 1.0, 0.0],c: 8,gv: -4.640000000000001
[0.0, 0.0, 0.0, 0.0, 0.0, 1.0],c: 10,gv: -4.640000000000001
[2.0, 0.0, 0.0, 0.0, 0.0, 0.0],c: 10,gv: -4.772172593235041
[1.0, 0.0, 0.0, 1.0, 0.0, 0.0],c: 10,gv: -3.3875376346456005
[0.0, 0.0, 0.0, 2.0, 0.0, 0.0],c: 10,gv: -4.042575107296138
[0.0, 1.0, 0.0, 0.0, 0.0, 0.0],c: 8,gv: -1.595
[0.0, 0.0, 1.0, 0.0, 0.0, 0.0],c: 10,gv: -2.610000000000002
[0.0, 0.0, 0.0, 0.0, 1.0, 0.0],c: 8,gv: -4.640000000000001
[0.0, 0.0, 0.0, 0.0, 0.0, 1.0],c: 10,gv: -4.640000000000001
[2.0, 0.0, 0.0, 0.0, 0.0, 0.0],c: 10,gv: -0.7830000000000007
[1.0, 0.0, 0.0, 1.0, 0.0, 0.0],c: 10,gv: -1.1568000000000005
[0.0, 0.0, 0.0, 2.0, 0.0, 0.0],c: 10,gv: -0.742400000000002
[0.0, 1.0, 0.0, 0.0, 0.0, 0.0],c: 8,gv: -11.437383177570094
[0.0, 0.0, 1.0, 0.0, 0.0, 0.0],c: 10,gv: -6.2551966402045105
[0.0, 0.0, 0.0, 0.0, 1.0, 0.0],c: 8,gv: -7.607648183556406
[0.0, 0.0, 0.0, 0.0, 0.0, 1.0],c: 10,gv: -5.6000000000000005
[2.0, 0.0, 0.0, 0.0, 0.0, 0.0],c: 10,gv: -7.445848822800496
[1.0, 0.0, 0.0, 1.0, 0.0, 0.0],c: 10,gv: -4.938704581358611
[0.0, 0.0, 0.0, 2.0, 0.0, 0.0],c: 10,gv: -4.781384204700827
[0.0, 1.0, 0.0, 0.0, 0.0, 0.0],c: 8,gv: -11.334166666666667
[0.0, 0.0, 1.0, 0.0, 0.0, 0.0],c: 10,gv: -6.653888888888889
[0.0, 0.0, 0.0, 0.0, 1.0, 0.0],c: 8,gv: -7.553488372093023
[0.0, 0.0, 0.0, 0.0, 0.0, 1.0],c: 10,gv: -4.640000000000001
[2.0, 0.0, 0.0, 0.0, 0.0, 0.0],c: 10,gv: -6.653888888888889
[1.0, 0.0, 0.0, 1.0, 0.0, 0.0],c: 10,gv: -3.0455048913944625
[0.0, 0.0, 0.0, 2.0, 0.0, 0.0],c: 10,gv: -4.0425751072961384
[0.0, 1.0, 0.0, 0.0, 0.0, 0.0],c: 8,gv: -15.631707317073172
[0.0, 0.0, 1.0, 0.0, 0.0, 0.0],c: 10,gv: -10.093588179476754
[0.0, 0.0, 0.0, 0.0, 1.0, 0.0],c: 8,gv: -11.600000000000001
[0.0, 0.0, 0.0, 0.0, 0.0, 1.0],c: 10,gv: -11.600000000000001
[2.0, 0.0, 0.0, 0.0, 0.0, 0.0],c: 10,gv: -8.82041393495308
[1.0, 0.0, 0.0, 1.0, 0.0, 0.0],c: 10,gv: -6.960000000000001
[0.0, 0.0, 0.0, 2.0, 0.0, 0.0],c: 10,gv: -5.212839506172839
[1.0, 1.0, 0.0, 0.0, 0.0, 0.0],c: 13,gv: -3.4373801916932916
[1.0, 0.0, 1.0, 0.0, 0.0, 0.0],c: 15,gv: -2.610000000000002
[1.0, 0.0, 0.0, 0.0, 1.0, 0.0],c: 13,gv: -4.243157894736843
[1.0, 0.0, 0.0, 0.0, 0.0, 1.0],c: 15,gv: -4.243157894736843
[0.0, 1.0, 0.0, 1.0, 0.0, 0.0],c: 13,gv: -3.689809125097567
[0.0, 0.0, 1.0, 1.0, 0.0, 0.0],c: 15,gv: -3.48
[0.0, 0.0, 0.0, 1.0, 1.0, 0.0],c: 13,gv: -4.640000000000001
[0.0, 0.0, 0.0, 1.0, 0.0, 1.0],c: 15,gv: -4.640000000000001
[3.0, 0.0, 0.0, 0.0, 0.0, 0.0],c: 15,gv: -3.3634313725490212
[2.0, 0.0, 0.0, 1.0, 0.0, 0.0],c: 15,gv: -2.6455330602691634
[1.0, 0.0, 0.0, 2.0, 0.0, 0.0],c: 15,gv: -1.6362875157629269
[0.0, 0.0, 0.0, 3.0, 0.0, 0.0],c: 15,gv: -1.8560000000000016
[1.0, 1.0, 0.0, 0.0, 0.0, 0.0],c: 13,gv: -2.2602941176470592
[1.0, 0.0, 1.0, 0.0, 0.0, 0.0],c: 15,gv: -1.2000000000000002
[1.0, 0.0, 0.0, 0.0, 1.0, 0.0],c: 13,gv: -1.7010764481910348
[1.0, 0.0, 0.0, 0.0, 0.0, 1.0],c: 15,gv: -1.4000000000000001
[0.0, 1.0, 0.0, 1.0, 0.0, 0.0],c: 13,gv: -1.9018445962719512
[0.0, 0.0, 1.0, 1.0, 0.0, 0.0],c: 15,gv: -1.4000000000000001
[0.0, 0.0, 0.0, 1.0, 1.0, 0.0],c: 13,gv: -1.6
[0.0, 0.0, 0.0, 1.0, 0.0, 1.0],c: 15,gv: -1.6
[3.0, 0.0, 0.0, 0.0, 0.0, 0.0],c: 15,gv: -1.7638308507447773
[2.0, 0.0, 0.0, 1.0, 0.0, 0.0],c: 15,gv: -1.2358544326259115
[1.0, 0.0, 0.0, 2.0, 0.0, 0.0],c: 15,gv: -0.9978101614808982
[0.0, 0.0, 0.0, 3.0, 0.0, 0.0],c: 15,gv: -1.12
[1.0, 1.0, 0.0, 0.0, 0.0, 0.0],c: 13,gv: -8.34246575342466
[1.0, 0.0, 1.0, 0.0, 0.0, 0.0],c: 15,gv: -5.069204730831975
[1.0, 0.0, 0.0, 0.0, 1.0, 0.0],c: 13,gv: -5.853257372654156
[1.0, 0.0, 0.0, 0.0, 0.0, 1.0],c: 15,gv: -4.236521739130435
[0.0, 1.0, 0.0, 1.0, 0.0, 0.0],c: 13,gv: -5.419661126799685
[0.0, 0.0, 1.0, 1.0, 0.0, 0.0],c: 15,gv: -3.48
[0.0, 0.0, 0.0, 1.0, 1.0, 0.0],c: 13,gv: -4.640000000000001
[0.0, 0.0, 0.0, 1.0, 0.0, 1.0],c: 15,gv: -4.640000000000001
[3.0, 0.0, 0.0, 0.0, 0.0, 0.0],c: 15,gv: -5.796270096463024
[2.0, 0.0, 0.0, 1.0, 0.0, 0.0],c: 15,gv: -3.606061021597532
[1.0, 0.0, 0.0, 2.0, 0.0, 0.0],c: 15,gv: -3.1934117647058824
[0.0, 0.0, 0.0, 3.0, 0.0, 0.0],c: 15,gv: -3.9839516616314206
[1.0, 1.0, 0.0, 0.0, 0.0, 0.0],c: 13,gv: -3.6537302325581393
[1.0, 0.0, 1.0, 0.0, 0.0, 0.0],c: 15,gv: -3.2044482772137513
[1.0, 0.0, 0.0, 0.0, 1.0, 0.0],c: 13,gv: -3.897251000849206
[1.0, 0.0, 0.0, 0.0, 0.0, 1.0],c: 15,gv: -3.08633484162896
[0.0, 1.0, 0.0, 1.0, 0.0, 0.0],c: 13,gv: -3.052780949274181
[0.0, 0.0, 1.0, 1.0, 0.0, 0.0],c: 15,gv: -2.3400265604249677
[0.0, 0.0, 0.0, 1.0, 1.0, 0.0],c: 13,gv: -2.7392771084337357
[0.0, 0.0, 0.0, 1.0, 0.0, 1.0],c: 15,gv: -2.2400000000000007
[3.0, 0.0, 0.0, 0.0, 0.0, 0.0],c: 15,gv: -3.394436902025764
[2.0, 0.0, 0.0, 1.0, 0.0, 0.0],c: 15,gv: -2.740365636091491
[1.0, 0.0, 0.0, 2.0, 0.0, 0.0],c: 15,gv: -2.1318918918918923
[0.0, 0.0, 0.0, 3.0, 0.0, 0.0],c: 15,gv: -1.797312252964427
[1.0, 1.0, 0.0, 0.0, 0.0, 0.0],c: 13,gv: -0.06556521739130447
[1.0, 0.0, 1.0, 0.0, 0.0, 0.0],c: 15,gv: -0.08352554729011702
[1.0, 0.0, 0.0, 0.0, 1.0, 0.0],c: 13,gv: -0.24987760801144465
[1.0, 0.0, 0.0, 0.0, 0.0, 1.0],c: 15,gv: -0.16703999999999963
[0.0, 1.0, 0.0, 1.0, 0.0, 0.0],c: 13,gv: -0.05162624877571048
[0.0, 0.0, 1.0, 1.0, 0.0, 0.0],c: 15,gv: -0.08170769058850413
[0.0, 0.0, 0.0, 1.0, 1.0, 0.0],c: 13,gv: -0.18006078221008498
[0.0, 0.0, 0.0, 1.0, 0.0, 1.0],c: 15,gv: -0.11878399999999967
[3.0, 0.0, 0.0, 0.0, 0.0, 0.0],c: 15,gv: -0.07191219512195138
[2.0, 0.0, 0.0, 1.0, 0.0, 0.0],c: 15,gv: -0.0909956607190703
[1.0, 0.0, 0.0, 2.0, 0.0, 0.0],c: 15,gv: -0.032973484949833126
[0.0, 0.0, 0.0, 3.0, 0.0, 0.0],c: 15,gv: -0.03637760000000047
[0.0, 0.0, 0.0, 2.0],c: 16,gv: -6.9855471438403285
[2.0, 1.0, 0.0, 0.0],c: 16,gv: -12.469287469287465
[2.0, 0.0, 1.0, 0.0],c: 17,gv: -9.351965601965603
[2.0, 0.0, 0.0, 1.0],c: 18,gv: -6.98554714384033
[1.0, 2.0, 0.0, 0.0],c: 17,gv: -12.46928746928747
[1.0, 1.0, 1.0, 0.0],c: 18,gv: -9.3519656019656
[1.0, 1.0, 0.0, 1.0],c: 19,gv: -6.985547143840331
[1.0, 0.0, 2.0, 0.0],c: 19,gv: -6.985547143840333
[1.0, 0.0, 1.0, 1.0],c: 20,gv: -5.0953815261044175
[0.0, 3.0, 0.0, 0.0],c: 18,gv: -12.469287469287469
[0.0, 2.0, 1.0, 0.0],c: 19,gv: -9.351965601965603
[0.0, 2.0, 0.0, 1.0],c: 20,gv: -6.98554714384033
[0.0, 1.0, 2.0, 0.0],c: 20,gv: -6.5294306851077515
[4.0, 0.0, 0.0, 0.0],c: 20,gv: -9.351965601965606
[5.0, 0.0, 0.0],c: 5,gv: 0.0
[4.0, 1.0, 0.0],c: 5,gv: 0.0
[4.0, 0.0, 1.0],c: 5,gv: 0.0
[3.0, 2.0, 0.0],c: 5,gv: 0.0
[3.0, 1.0, 1.0],c: 5,gv: 0.0
[3.0, 0.0, 2.0],c: 5,gv: 0.0
[2.0, 3.0, 0.0],c: 5,gv: 0.0
[2.0, 2.0, 1.0],c: 5,gv: 0.0
[2.0, 1.0, 2.0],c: 5,gv: 0.0
[2.0, 0.0, 3.0],c: 5,gv: 0.0
[1.0, 4.0, 0.0],c: 5,gv: 0.0
[1.0, 3.0, 1.0],c: 5,gv: 0.0
[1.0, 2.0, 2.0],c: 5,gv: 0.0
[1.0, 1.0, 3.0],c: 5,gv: 0.0
[1.0, 0.0, 4.0],c: 5,gv: 0.0
[0.0, 5.0, 0.0],c: 5,gv: 0.0
[0.0, 4.0, 1.0],c: 5,gv: 0.0
[0.0, 3.0, 2.0],c: 5,gv: 0.0
[0.0, 2.0, 3.0],c: 5,gv: 0.0
[0.0, 1.0, 4.0],c: 5,gv: 0.0
[0.0, 0.0, 5.0],c: 5,gv: 0.0
[3.0, 0.0, 0.0, 0.0, 0.0, 0.0],c: 15,gv: -1.0386046511627907
[2.0, 1.0, 0.0, 0.0, 0.0, 0.0],c: 15,gv: -0.6978125000000004
[2.0, 0.0, 1.0, 0.0, 0.0, 0.0],c: 15,gv: -0.7489427044578238
[2.0, 0.0, 0.0, 1.0, 0.0, 0.0],c: 15,gv: -0.5583338842975212
[2.0, 0.0, 0.0, 0.0, 1.0, 0.0],c: 15,gv: -0.6955580263318468
[2.0, 0.0, 0.0, 0.0, 0.0, 1.0],c: 15,gv: -0.8147432432432424
[1.0, 2.0, 0.0, 0.0, 0.0, 0.0],c: 15,gv: -0.7212607449856739
[1.0, 1.0, 1.0, 0.0, 0.0, 0.0],c: 15,gv: -0.5809916224995728
[1.0, 1.0, 0.0, 1.0, 0.0, 0.0],c: 15,gv: -0.5062510254306811
[1.0, 1.0, 0.0, 0.0, 1.0, 0.0],c: 15,gv: -0.6594520547945211
[1.0, 1.0, 0.0, 0.0, 0.0, 1.0],c: 15,gv: -0.7807512923607115
[1.0, 0.0, 2.0, 0.0, 0.0, 0.0],c: 15,gv: -0.6242300783243653
[1.0, 0.0, 1.0, 1.0, 0.0, 0.0],c: 15,gv: -0.5252700296735909
[1.0, 0.0, 1.0, 0.0, 1.0, 0.0],c: 15,gv: -0.6265541276410374
[1.0, 0.0, 1.0, 0.0, 0.0, 1.0],c: 15,gv: -0.7809725734684125
[1.0, 0.0, 0.0, 2.0, 0.0, 0.0],c: 15,gv: -0.6133562231759669
[1.0, 0.0, 0.0, 1.0, 1.0, 0.0],c: 15,gv: -0.568299899137062
[1.0, 0.0, 0.0, 1.0, 0.0, 1.0],c: 15,gv: -0.6397832204273055
[1.0, 0.0, 0.0, 0.0, 2.0, 0.0],c: 15,gv: -0.45013337779259754
[1.0, 0.0, 0.0, 0.0, 1.0, 1.0],c: 15,gv: -0.7259602649006629
[1.0, 0.0, 0.0, 0.0, 0.0, 2.0],c: 15,gv: -1.2827579658976294
[0.0, 3.0, 0.0, 0.0, 0.0, 0.0],c: 15,gv: -0.9607633587786267
[0.0, 2.0, 1.0, 0.0, 0.0, 0.0],c: 15,gv: -0.7269697293828223
[0.0, 2.0, 0.0, 1.0, 0.0, 0.0],c: 15,gv: -1.0918205611503036
[0.0, 2.0, 0.0, 0.0, 1.0, 0.0],c: 15,gv: -1.3531075896580482
[0.0, 2.0, 0.0, 0.0, 0.0, 1.0],c: 15,gv: -1.5134263359414015
[0.0, 1.0, 2.0, 0.0, 0.0, 0.0],c: 15,gv: -0.838836452004861
[0.0, 1.0, 1.0, 1.0, 0.0, 0.0],c: 15,gv: -0.9728209680828575
[0.0, 1.0, 1.0, 0.0, 1.0, 0.0],c: 15,gv: -1.1168743933216847
[0.0, 1.0, 1.0, 0.0, 0.0, 1.0],c: 15,gv: -1.4356296587259412
[0.0, 1.0, 0.0, 2.0, 0.0, 0.0],c: 15,gv: -0.62504467353952
[0.0, 1.0, 0.0, 1.0, 1.0, 0.0],c: 15,gv: -0.5791853095344142
[0.0, 1.0, 0.0, 1.0, 0.0, 1.0],c: 15,gv: -0.9169851632047484
[0.0, 1.0, 0.0, 0.0, 2.0, 0.0],c: 15,gv: -0.7000000000000006
[0.0, 1.0, 0.0, 0.0, 1.0, 1.0],c: 15,gv: -0.8399999999999992
[0.0, 1.0, 0.0, 0.0, 0.0, 2.0],c: 15,gv: -1.3216646995262247
[0.0, 0.0, 3.0, 0.0, 0.0, 0.0],c: 15,gv: -1.2455419773875402
[0.0, 0.0, 2.0, 1.0, 0.0, 0.0],c: 15,gv: -1.3587136390474315
[0.0, 0.0, 2.0, 0.0, 1.0, 0.0],c: 15,gv: -1.5110365960427248
[0.0, 0.0, 2.0, 0.0, 0.0, 1.0],c: 15,gv: -3.7842557086892783
[0.0, 0.0, 1.0, 2.0, 0.0, 0.0],c: 15,gv: -0.7201965417416494
[0.0, 0.0, 1.0, 1.0, 1.0, 0.0],c: 15,gv: -0.8400000000000007
[0.0, 0.0, 1.0, 1.0, 0.0, 1.0],c: 15,gv: -1.008000000000001
[0.0, 0.0, 1.0, 0.0, 2.0, 0.0],c: 15,gv: -1.0499999999999994
[0.0, 0.0, 1.0, 0.0, 1.0, 1.0],c: 15,gv: -1.2599999999999996
[0.0, 0.0, 1.0, 0.0, 0.0, 2.0],c: 15,gv: -1.5119999999999998
[0.0, 0.0, 0.0, 3.0, 0.0, 0.0],c: 15,gv: -0.8960000000000008
[0.0, 0.0, 0.0, 2.0, 1.0, 0.0],c: 15,gv: -1.120000000000001
[0.0, 0.0, 0.0, 2.0, 0.0, 1.0],c: 15,gv: -1.3439999999999996
[0.0, 0.0, 0.0, 1.0, 2.0, 0.0],c: 15,gv: -1.3999999999999997
[0.0, 0.0, 0.0, 1.0, 1.0, 1.0],c: 15,gv: -1.68
[0.0, 0.0, 0.0, 1.0, 0.0, 2.0],c: 15,gv: -2.016
[0.0, 0.0, 0.0, 0.0, 3.0, 0.0],c: 15,gv: -1.75
[0.0, 0.0, 0.0, 0.0, 2.0, 1.0],c: 15,gv: -2.1000000000000005
[0.0, 0.0, 0.0, 0.0, 1.0, 2.0],c: 15,gv: -2.519999999999999
[0.0, 0.0, 0.0, 0.0, 0.0, 3.0],c: 15,gv: -3.0239999999999996
[3.0, 0.0, 0.0, 0.0, 0.0, 0.0],c: 15,gv: -2.46060606060606
[2.0, 1.0, 0.0, 0.0, 0.0, 0.0],c: 15,gv: -2.3735967584330058
[2.0, 0.0, 1.0, 0.0, 0.0, 0.0],c: 15,gv: -2.0238262278520076
[2.0, 0.0, 0.0, 1.0, 0.0, 0.0],c: 15,gv: -2.3912013321089143
[2.0, 0.0, 0.0, 0.0, 1.0, 0.0],c: 15,gv: -2.534653762116333
[3.0, 0.0, 0.0],c: 15,gv: -0.39850340136054413
[2.0, 1.0, 0.0],c: 15,gv: -1.4854520828873685
[2.0, 0.0, 1.0],c: 15,gv: -0.38152823920265777
[1.0, 2.0, 0.0],c: 15,gv: -0.36728606356968213
[1.0, 1.0, 1.0],c: 15,gv: -0.36599243379571256
[1.0, 0.0, 2.0],c: 15,gv: -0.3825889796994463
[0.0, 3.0, 0.0],c: 15,gv: -0.6633616643409869
[0.0, 2.0, 1.0],c: 15,gv: -0.6903158516186165
[0.0, 1.0, 2.0],c: 15,gv: -0.7908445532435744
[0.0, 0.0, 3.0],c: 15,gv: -1.0444687664356525
[3.0, 0.0, 0.0],c: 15,gv: -0.3866666666666666
[2.0, 1.0, 0.0],c: 15,gv: -0.44897959183673486
[2.0, 0.0, 1.0],c: 15,gv: -0.7236133031053065
[1.0, 2.0, 0.0],c: 15,gv: -0.2556734693877555
[1.0, 1.0, 1.0],c: 15,gv: -0.2483007690550524
[1.0, 0.0, 2.0],c: 15,gv: -0.17552984729291998
[0.0, 3.0, 0.0],c: 15,gv: -0.22713895912083526
[0.0, 2.0, 1.0],c: 15,gv: -0.5771266605430404
[0.0, 1.0, 2.0],c: 15,gv: -0.29353846153846175
[0.0, 0.0, 3.0],c: 15,gv: -0.1080000000000001
[3.0, 0.0, 0.0],c: 15,gv: -1.6204962243797194
[2.0, 1.0, 0.0],c: 15,gv: -0.32717948717948725
[2.0, 0.0, 1.0],c: 15,gv: -0.31758816837315135
[1.0, 2.0, 0.0],c: 15,gv: -0.31694543070956493
[1.0, 1.0, 1.0],c: 15,gv: -0.28474331547886256
[1.0, 0.0, 2.0],c: 15,gv: -0.32532229771812404
[0.0, 3.0, 0.0],c: 15,gv: -0.3830841207228698
[0.0, 2.0, 1.0],c: 15,gv: -0.27228777522285585
[0.0, 1.0, 2.0],c: 15,gv: -0.22492220562779108
[0.0, 0.0, 3.0],c: 15,gv: -0.4985382776722892
[3.0, 0.0, 0.0],c: 15,gv: -0.028999999999999915
[2.0, 1.0, 0.0],c: 15,gv: -0.05799999999999983
[2.0, 0.0, 1.0],c: 15,gv: -0.08699999999999974
[1.0, 2.0, 0.0],c: 15,gv: -0.11599999999999966
[1.0, 1.0, 1.0],c: 15,gv: -0.1739999999999995
[1.0, 0.0, 2.0],c: 15,gv: -0.26099999999999923
[0.0, 3.0, 0.0],c: 15,gv: -0.23199999999999932
[0.0, 2.0, 1.0],c: 15,gv: -0.347999999999999
[0.0, 1.0, 2.0],c: 15,gv: -0.522000000000002
[0.0, 0.0, 3.0],c: 15,gv: -0.7830000000000013
[3.0, 0.0, 0.0],c: 15,gv: -2.745415778251599
[2.0, 1.0, 0.0],c: 15,gv: -3.1633947324872387
[2.0, 0.0, 1.0],c: 15,gv: -1.9724696356275306
[1.0, 2.0, 0.0],c: 15,gv: -3.2290454591323
[1.0, 1.0, 1.0],c: 15,gv: -2.0686742276104813
[1.0, 0.0, 2.0],c: 15,gv: -1.8838438942509452
[0.0, 3.0, 0.0],c: 15,gv: -3.094561333862644
[0.0, 2.0, 1.0],c: 15,gv: -2.7991062879029687
[0.0, 1.0, 2.0],c: 15,gv: -2.306069054256918
[0.0, 0.0, 3.0],c: 15,gv: -3.0224345949833684
[3.0, 0.0, 0.0],c: 15,gv: -0.029000000000000026
[2.0, 1.0, 0.0],c: 15,gv: -0.028000000000000025
[2.0, 0.0, 1.0],c: 15,gv: -0.04200000000000004
[1.0, 2.0, 0.0],c: 15,gv: -0.05600000000000005
[1.0, 1.0, 1.0],c: 15,gv: -0.08400000000000007
[1.0, 0.0, 2.0],c: 15,gv: -0.1260000000000001
[0.0, 3.0, 0.0],c: 15,gv: -0.1120000000000001
[0.0, 2.0, 1.0],c: 15,gv: -0.16800000000000015
[0.0, 1.0, 2.0],c: 15,gv: -0.2520000000000002
[0.0, 0.0, 3.0],c: 15,gv: -0.37800000000000034
[3.0, 0.0, 0.0],c: 15,gv: -3.3299684542586743
[2.0, 1.0, 0.0],c: 15,gv: -3.4069930069930066
[2.0, 0.0, 1.0],c: 15,gv: -2.841334062329141
[1.0, 2.0, 0.0],c: 15,gv: -3.638623879734027
[1.0, 1.0, 1.0],c: 15,gv: -3.2984000000000013
[1.0, 0.0, 2.0],c: 15,gv: -2.8042112570139412
[0.0, 3.0, 0.0],c: 15,gv: -4.885085049239032
[0.0, 2.0, 1.0],c: 15,gv: -4.929234828496042
[0.0, 1.0, 2.0],c: 15,gv: -4.116840000000001
[0.0, 0.0, 3.0],c: 15,gv: -5.032811735941322
[3.0, 0.0, 0.0],c: 15,gv: -3.04207492795389
[2.0, 1.0, 0.0],c: 15,gv: -2.968774703557312
[2.0, 0.0, 1.0],c: 15,gv: -2.962958554217631
[1.0, 2.0, 0.0],c: 15,gv: -3.209486166007905
[1.0, 1.0, 1.0],c: 15,gv: -3.1669938975855665
[1.0, 0.0, 2.0],c: 15,gv: -3.0733553619705622
[0.0, 3.0, 0.0],c: 15,gv: -4.065493910690122
[0.0, 2.0, 1.0],c: 15,gv: -3.45895706419539
[0.0, 1.0, 2.0],c: 15,gv: -3.789418475230877
[0.0, 0.0, 3.0],c: 15,gv: -3.8140231449965976
[3.0, 0.0, 0.0],c: 15,gv: -1.348881578947368
[2.0, 1.0, 0.0],c: 15,gv: -1.3622368421052629
[2.0, 0.0, 1.0],c: 15,gv: -1.3755921052631574
[1.0, 2.0, 0.0],c: 15,gv: -1.3218604651162793
[1.0, 1.0, 1.0],c: 15,gv: -1.6404040404040414
[1.0, 0.0, 2.0],c: 15,gv: -2.1462555066079307
[0.0, 3.0, 0.0],c: 15,gv: -4.265050505050504
[0.0, 2.0, 1.0],c: 15,gv: -2.454883720930233
[0.0, 1.0, 2.0],c: 15,gv: -2.7537391304347825
[0.0, 0.0, 3.0],c: 15,gv: -3.6823255813953506
[3.0, 0.0, 0.0],c: 15,gv: -2.8722753346080303
[2.0, 1.0, 0.0],c: 15,gv: -2.546863468634686
[2.0, 0.0, 1.0],c: 15,gv: -2.603925122567226
[1.0, 2.0, 0.0],c: 15,gv: -2.7755166931637514
[1.0, 1.0, 1.0],c: 15,gv: -2.5899125756556822
[1.0, 0.0, 2.0],c: 15,gv: -2.306329051505216
[0.0, 3.0, 0.0],c: 15,gv: -4.524698795180722
[0.0, 2.0, 1.0],c: 15,gv: -3.8199961984413613
[0.0, 1.0, 2.0],c: 15,gv: -4.444968191457133
[0.0, 0.0, 3.0],c: 15,gv: -3.6823255813953506
[3.0, 0.0, 0.0],c: 15,gv: -2.899999999999995
[2.0, 1.0, 0.0],c: 15,gv: -2.858634294385432
[2.0, 0.0, 1.0],c: 15,gv: -2.8999999999999995
[1.0, 2.0, 0.0],c: 15,gv: -4.104615384615384
[1.0, 1.0, 1.0],c: 15,gv: -5.944676579925651
[1.0, 0.0, 2.0],c: 15,gv: -2.771493179433369
[0.0, 3.0, 0.0],c: 15,gv: -5.674594594594594
[0.0, 2.0, 1.0],c: 15,gv: -4.741241548862939
[0.0, 1.0, 2.0],c: 15,gv: -2.593191059477209
[0.0, 0.0, 3.0],c: 15,gv: -3.485617166729967
[3.0, 0.0, 0.0],c: 15,gv: -3.04207492795389
[2.0, 1.0, 0.0],c: 15,gv: -3.276080691642652
[2.0, 0.0, 1.0],c: 15,gv: -3.4204959800702075
[1.0, 2.0, 0.0],c: 15,gv: -3.510086455331412
[1.0, 1.0, 1.0],c: 15,gv: -4.657134779843099
[1.0, 0.0, 2.0],c: 15,gv: -3.6345729130585394
[0.0, 3.0, 0.0],c: 15,gv: -4.440625
[0.0, 2.0, 1.0],c: 15,gv: -3.4134195634599847
[0.0, 1.0, 2.0],c: 15,gv: -3.2089170360987973
[0.0, 0.0, 3.0],c: 15,gv: -3.6823255813953506
[3.0, 0.0, 0.0],c: 15,gv: -6.137209302325579
[2.0, 1.0, 0.0],c: 15,gv: -6.051001011122347
[2.0, 0.0, 1.0],c: 15,gv: -4.650220264317181
[1.0, 2.0, 0.0],c: 15,gv: -6.326046511627906
[1.0, 1.0, 1.0],c: 15,gv: -4.749915624494325
[1.0, 0.0, 2.0],c: 15,gv: -3.7454760496747492
[0.0, 3.0, 0.0],c: 15,gv: -7.123938070662962
[0.0, 2.0, 1.0],c: 15,gv: -5.602706785088515
[0.0, 1.0, 2.0],c: 15,gv: -4.257107151814907
[0.0, 0.0, 3.0],c: 15,gv: -4.7495637742177825
[3.0, 0.0, 0.0],c: 15,gv: -0.029000000000000026
[2.0, 1.0, 0.0],c: 15,gv: -0.011599999999998722
[2.0, 0.0, 1.0],c: 15,gv: -0.02422679425837347
[1.0, 2.0, 0.0],c: 15,gv: -0.004640000000001421
[1.0, 1.0, 1.0],c: 15,gv: -0.0050400000000003775
[1.0, 0.0, 2.0],c: 15,gv: -0.011339999999999684
[0.0, 3.0, 0.0],c: 15,gv: -0.0018559999999986365
[0.0, 2.0, 1.0],c: 15,gv: -0.002016000000000462
[0.0, 1.0, 2.0],c: 15,gv: -0.0045359999999998735
[0.0, 0.0, 3.0],c: 15,gv: -0.010205999999999715
[3.0, 0.0, 0.0],c: 15,gv: -0.029000000000000026
[2.0, 1.0, 0.0],c: 15,gv: -0.011599999999998722
[2.0, 0.0, 1.0],c: 15,gv: -0.026100000000000345
[1.0, 2.0, 0.0],c: 15,gv: -0.01585095530955316
[1.0, 1.0, 1.0],c: 15,gv: -0.05344680676576137
[1.0, 0.0, 2.0],c: 15,gv: -0.023489999999999345
[0.0, 3.0, 0.0],c: 15,gv: -0.008632558139534563
[0.0, 2.0, 1.0],c: 15,gv: -0.01601664596273398
[0.0, 1.0, 2.0],c: 15,gv: -0.009395999999999738
[0.0, 0.0, 3.0],c: 15,gv: -0.02114099999999941
[3.0, 0.0, 0.0],c: 15,gv: -0.029000000000000026
[2.0, 1.0, 0.0],c: 15,gv: -0.011599999999998722
[2.0, 0.0, 1.0],c: 15,gv: -0.08231416463457947
[1.0, 2.0, 0.0],c: 15,gv: -0.016000000000000014
[1.0, 1.0, 1.0],c: 15,gv: -0.04266159318388654
[1.0, 0.0, 2.0],c: 15,gv: -0.03600000000000003
[0.0, 3.0, 0.0],c: 15,gv: -0.03200000000000003
[0.0, 2.0, 1.0],c: 15,gv: -0.04800000000000004
[0.0, 1.0, 2.0],c: 15,gv: -0.12690605207800032
[0.0, 0.0, 3.0],c: 15,gv: -0.1080000000000001
[3.0, 0.0, 0.0],c: 15,gv: -1.8011090573012938
[3.0, 0.0, 0.0],c: 15,gv: -0.029000000000000026
[2.0, 1.0, 0.0],c: 15,gv: -0.011599999999998722
[2.0, 0.0, 1.0],c: 15,gv: -0.007829999999999782
[1.0, 2.0, 0.0],c: 15,gv: -0.004640000000001421
[1.0, 1.0, 1.0],c: 15,gv: -0.0031319999999999126
[2.0, 1.0, 0.0],c: 15,gv: -1.2964618725252266
[1.0, 0.0, 2.0],c: 15,gv: -0.002114100000001229
[0.0, 3.0, 0.0],c: 15,gv: -0.0018559999999986365
[0.0, 2.0, 1.0],c: 15,gv: -0.001252800000000609
[0.0, 1.0, 2.0],c: 15,gv: -8.456399999992037E-4
[0.0, 0.0, 3.0],c: 15,gv: -5.708069999997845E-4
[2.0, 0.0, 1.0],c: 15,gv: -1.1303953781595875
[3.0, 0.0, 0.0],c: 15,gv: -1.0386046511627902
[1.0, 2.0, 0.0],c: 15,gv: -1.2966093212386611
[2.0, 1.0, 0.0],c: 15,gv: -0.6821921037124337
[1.0, 1.0, 1.0],c: 15,gv: -1.3806992274453322
[2.0, 0.0, 1.0],c: 15,gv: -0.9651314253010439
[1.0, 2.0, 0.0],c: 15,gv: -0.7081673541543902
[1.0, 0.0, 2.0],c: 15,gv: -1.2082986750802571
[1.0, 1.0, 1.0],c: 15,gv: -0.7364084084084088
[0.0, 3.0, 0.0],c: 15,gv: -1.3822047127034858
[1.0, 0.0, 2.0],c: 15,gv: -0.8677477157360413
[0.0, 3.0, 0.0],c: 15,gv: -1.121247216035636
[0.0, 2.0, 1.0],c: 15,gv: -1.2388461277035396
[0.0, 2.0, 1.0],c: 15,gv: -1.1489519338563277
[0.0, 1.0, 2.0],c: 15,gv: -1.6620933398152662
[0.0, 0.0, 3.0],c: 15,gv: -2.391972481343285
[0.0, 1.0, 2.0],c: 15,gv: -1.126449724119791
[3.0, 0.0, 0.0],c: 15,gv: -6.137209302325579
[0.0, 0.0, 3.0],c: 15,gv: -1.9852492816039617
[2.0, 1.0, 0.0],c: 15,gv: -6.609302325581393
[2.0, 0.0, 1.0],c: 15,gv: -4.854347826086958
[3.0, 0.0, 0.0],c: 15,gv: -1.420408163265306
[1.0, 2.0, 0.0],c: 15,gv: -7.0813953488372094
[1.0, 1.0, 1.0],c: 15,gv: -5.006956741715153
[1.0, 0.0, 2.0],c: 15,gv: -5.323708609271524
[0.0, 3.0, 0.0],c: 15,gv: -7.553488372093024
[2.0, 1.0, 0.0],c: 15,gv: -1.1899098398503
[0.0, 2.0, 1.0],c: 15,gv: -7.040750799148762
[0.0, 1.0, 2.0],c: 15,gv: -4.98708661417323
[0.0, 0.0, 3.0],c: 15,gv: -7.294615384615387
[3.0, 0.0, 0.0],c: 15,gv: -2.4606060606060605
[2.0, 1.0, 0.0],c: 15,gv: -2.382053494391717
[2.0, 0.0, 1.0],c: 15,gv: -1.2776300351974972
[2.0, 0.0, 1.0],c: 15,gv: -1.9506479822990204
[1.0, 2.0, 0.0],c: 15,gv: -2.619354838709677
[1.0, 1.0, 1.0],c: 15,gv: -2.2488385944014295
[1.0, 0.0, 2.0],c: 15,gv: -2.1462555066079307
[0.0, 3.0, 0.0],c: 15,gv: -4.065493910690122
[0.0, 2.0, 1.0],c: 15,gv: -2.972489276734212
[1.0, 2.0, 0.0],c: 15,gv: -1.236640537513998
[0.0, 1.0, 2.0],c: 15,gv: -2.7381395348837207
[0.0, 0.0, 3.0],c: 15,gv: -3.6823255813953497
[1.0, 1.0, 1.0],c: 15,gv: -1.3752438090573196
[1.0, 0.0, 2.0],c: 15,gv: -1.4259595877284321
[0.0, 3.0, 0.0],c: 15,gv: -1.4095234144925133
[0.0, 2.0, 1.0],c: 15,gv: -1.4500696943587739
[0.0, 1.0, 2.0],c: 15,gv: -1.6612883890189636
[0.0, 0.0, 3.0],c: 15,gv: -1.8313079257760077
[3.0, 0.0, 0.0],c: 15,gv: -1.8011090573012938
[2.0, 1.0, 0.0],c: 15,gv: -1.8555242915101529
[2.0, 0.0, 1.0],c: 15,gv: -1.8409610367932339
[1.0, 2.0, 0.0],c: 15,gv: -1.8482958490566037
[1.0, 1.0, 1.0],c: 15,gv: -1.8089782244556112
[1.0, 0.0, 2.0],c: 15,gv: -1.9881551533062436
[0.0, 3.0, 0.0],c: 15,gv: -2.5633158886330336
[0.0, 2.0, 1.0],c: 15,gv: -2.5173892773892774
[0.0, 1.0, 2.0],c: 15,gv: -2.9316521073257107
[0.0, 0.0, 3.0],c: 15,gv: -3.299838673413762
[3.0, 0.0, 0.0],c: 15,gv: -0.029000000000000026
[2.0, 1.0, 0.0],c: 15,gv: -0.011599999999998722
[2.0, 0.0, 1.0],c: 15,gv: -0.007829999999999782
[1.0, 2.0, 0.0],c: 15,gv: -0.004640000000001421
[1.0, 1.0, 1.0],c: 15,gv: -0.0031319999999999126
[1.0, 0.0, 2.0],c: 15,gv: -0.002114100000001229
[0.0, 3.0, 0.0],c: 15,gv: -0.0018559999999986365
[0.0, 2.0, 1.0],c: 15,gv: -0.001252800000000609
[0.0, 1.0, 2.0],c: 15,gv: -8.456399999992037E-4
[0.0, 0.0, 3.0],c: 15,gv: -5.708069999997845E-4
[3.0, 0.0, 0.0],c: 15,gv: -3.3299684542586756
[2.0, 1.0, 0.0],c: 15,gv: -2.87946604759141
[2.0, 0.0, 1.0],c: 15,gv: -3.6549512385605873
[1.0, 2.0, 0.0],c: 15,gv: -3.9268852459016386
[1.0, 1.0, 1.0],c: 15,gv: -3.714468085106382
[1.0, 0.0, 2.0],c: 15,gv: -4.261125710227273
[0.0, 3.0, 0.0],c: 15,gv: -5.147103825136611
[0.0, 2.0, 1.0],c: 15,gv: -4.866241134751774
[0.0, 1.0, 2.0],c: 15,gv: -4.987086614173229
[0.0, 0.0, 3.0],c: 15,gv: -6.2183606557377065
[0.0, 1.0, 0.0, 0.0],c: 6,gv: -11.495798319327731
[0.0, 0.0, 1.0, 0.0],c: 7,gv: -11.259259259259261
[0.0, 0.0, 0.0, 1.0],c: 8,gv: -11.25925925925926
[2.0, 0.0, 0.0, 0.0],c: 10,gv: -8.062868369351671
[1.0, 1.0, 0.0, 0.0],c: 11,gv: -8.06286836935167
[1.0, 0.0, 1.0, 0.0],c: 12,gv: -5.62962962962963
[1.0, 0.0, 0.0, 1.0],c: 13,gv: -5.62962962962963
[0.0, 2.0, 0.0, 0.0],c: 12,gv: -8.062868369351671
[0.0, 1.0, 1.0, 0.0],c: 13,gv: -5.629629629629631
[0.0, 1.0, 0.0, 1.0],c: 14,gv: -5.629629629629631
[0.0, 0.0, 2.0, 0.0],c: 14,gv: -5.629629629629629
[0.0, 0.0, 1.0, 1.0],c: 15,gv: -5.629629629629631
[3.0, 0.0, 0.0, 0.0],c: 15,gv: -5.375245579567779
[0.0, 1.0, 0.0, 0.0],c: 6,gv: -18.354430379746834
[0.0, 0.0, 1.0, 0.0],c: 7,gv: -14.5
[0.0, 0.0, 0.0, 1.0],c: 8,gv: -11.913145539906102
[2.0, 0.0, 0.0, 0.0],c: 10,gv: -11.913145539906106
[0.0, 0.0, 0.0, 2.0],c: 16,gv: 0.0
[2.0, 1.0, 0.0, 0.0],c: 16,gv: 0.0
[2.0, 0.0, 1.0, 0.0],c: 17,gv: 0.0
[2.0, 0.0, 0.0, 1.0],c: 18,gv: 0.0
[1.0, 2.0, 0.0, 0.0],c: 17,gv: 0.0
[1.0, 1.0, 1.0, 0.0],c: 18,gv: 0.0
[1.0, 1.0, 0.0, 1.0],c: 19,gv: 0.0
[1.0, 0.0, 2.0, 0.0],c: 19,gv: 0.0
[1.0, 0.0, 1.0, 1.0],c: 20,gv: 0.0
[0.0, 3.0, 0.0, 0.0],c: 18,gv: 0.0
[0.0, 2.0, 1.0, 0.0],c: 19,gv: 0.0
[0.0, 2.0, 0.0, 1.0],c: 20,gv: 0.0
[0.0, 1.0, 2.0, 0.0],c: 20,gv: 0.0
[4.0, 0.0, 0.0, 0.0],c: 20,gv: 0.0
[1.0, 1.0, 0.0, 0.0],c: 11,gv: -12.314972094151907
[1.0, 0.0, 1.0, 0.0],c: 12,gv: -10.089463220675945
[1.0, 0.0, 0.0, 1.0],c: 13,gv: -8.101636291073568
[0.0, 2.0, 0.0, 0.0],c: 12,gv: -12.314972094151901
[0.0, 1.0, 1.0, 0.0],c: 13,gv: -9.555639239314631
[0.0, 1.0, 0.0, 1.0],c: 14,gv: -8.101636291073568
[0.0, 0.0, 2.0, 0.0],c: 14,gv: -8.36844998167827
[0.0, 0.0, 1.0, 1.0],c: 15,gv: -5.684682161859423
[3.0, 0.0, 0.0, 0.0],c: 15,gv: -10.089463220675945
[1.0, 1.0, 0.0, 0.0],c: 11,gv: -30.34146813801933
[1.0, 0.0, 1.0, 0.0],c: 12,gv: -25.254753183558996
[1.0, 0.0, 0.0, 1.0],c: 13,gv: -22.919524720578657
[0.0, 2.0, 0.0, 0.0],c: 12,gv: -27.053622857794636
[0.0, 1.0, 1.0, 0.0],c: 13,gv: -24.90617763003996
[0.0, 1.0, 0.0, 1.0],c: 14,gv: -21.774269732753265
[0.0, 0.0, 2.0, 0.0],c: 14,gv: -26.908922816297906
[0.0, 0.0, 1.0, 1.0],c: 15,gv: -23.595931020621947
[3.0, 0.0, 0.0, 0.0],c: 15,gv: -24.357798165137616
[0.0, 1.0, 0.0, 0.0],c: 6,gv: -24.64
[0.0, 0.0, 1.0, 0.0],c: 7,gv: -22.0
[0.0, 0.0, 0.0, 1.0],c: 8,gv: -12.32
[2.0, 0.0, 0.0, 0.0],c: 10,gv: -12.32
[1.0, 1.0, 0.0, 0.0],c: 11,gv: -12.32
[1.0, 0.0, 1.0, 0.0],c: 12,gv: -9.525773195876289
[1.0, 0.0, 0.0, 1.0],c: 13,gv: 0.0
[0.0, 2.0, 0.0, 0.0],c: 12,gv: -12.32
[0.0, 1.0, 1.0, 0.0],c: 13,gv: -9.525773195876289
[0.0, 1.0, 0.0, 1.0],c: 14,gv: 0.0
[0.0, 0.0, 2.0, 0.0],c: 14,gv: -5.451327433628319
[0.0, 0.0, 1.0, 1.0],c: 15,gv: 0.0
[3.0, 0.0, 0.0, 0.0],c: 15,gv: 0.0
[0.0, 0.0, 0.0, 2.0],c: 16,gv: 0.0
[2.0, 1.0, 0.0, 0.0],c: 16,gv: 0.0
[2.0, 0.0, 1.0, 0.0],c: 17,gv: 0.0
[2.0, 0.0, 0.0, 1.0],c: 18,gv: 0.0
[1.0, 2.0, 0.0, 0.0],c: 17,gv: 0.0
[1.0, 1.0, 1.0, 0.0],c: 18,gv: 0.0
[1.0, 1.0, 0.0, 1.0],c: 19,gv: 0.0
[1.0, 0.0, 2.0, 0.0],c: 19,gv: 0.0
[1.0, 0.0, 1.0, 1.0],c: 20,gv: 0.0
[0.0, 3.0, 0.0, 0.0],c: 18,gv: 0.0
[0.0, 2.0, 1.0, 0.0],c: 19,gv: 0.0
[0.0, 2.0, 0.0, 1.0],c: 20,gv: 0.0
[0.0, 1.0, 2.0, 0.0],c: 20,gv: 0.0
[4.0, 0.0, 0.0, 0.0],c: 20,gv: 0.0
[0.0, 1.0, 0.0, 0.0],c: 6,gv: -10.0
[0.0, 0.0, 1.0, 0.0],c: 7,gv: -7.500000000000001
[0.0, 0.0, 0.0, 1.0],c: 8,gv: -4.999999999999999
[2.0, 0.0, 0.0, 0.0],c: 10,gv: -6.25
[1.0, 1.0, 0.0, 0.0],c: 11,gv: -4.999999999999999
[1.0, 0.0, 1.0, 0.0],c: 12,gv: -3.9583333333333335
[1.0, 0.0, 0.0, 1.0],c: 13,gv: -3.6538461538461533
[0.0, 2.0, 0.0, 0.0],c: 12,gv: -4.000000000000001
[0.0, 1.0, 1.0, 0.0],c: 13,gv: -3.835777126099707
[0.0, 1.0, 0.0, 1.0],c: 14,gv: -3.5447154471544713
[0.0, 0.0, 2.0, 0.0],c: 14,gv: -3.7173913043478266
[0.0, 0.0, 1.0, 1.0],c: 15,gv: -3.5622895622895623
[3.0, 0.0, 0.0, 0.0],c: 15,gv: -3.8699690402476783
[0.0, 0.0, 0.0, 2.0],c: 16,gv: -3.3394495412844036
[2.0, 1.0, 0.0, 0.0],c: 16,gv: -3.6538461538461533
[2.0, 0.0, 1.0, 0.0],c: 17,gv: -3.4426229508196724
[2.0, 0.0, 0.0, 1.0],c: 18,gv: -3.1645569620253164
[1.0, 2.0, 0.0, 0.0],c: 17,gv: -3.629139072847682
[1.0, 1.0, 1.0, 0.0],c: 18,gv: -3.318734793187348
[1.0, 1.0, 0.0, 1.0],c: 19,gv: -2.9615384615384617
[1.0, 0.0, 2.0, 0.0],c: 19,gv: -3.358565737051793
[1.0, 0.0, 1.0, 1.0],c: 20,gv: -3.271551724137931
[0.0, 3.0, 0.0, 0.0],c: 18,gv: -3.5397260273972604
[0.0, 2.0, 1.0, 0.0],c: 19,gv: -3.096774193548387
[0.0, 2.0, 0.0, 1.0],c: 20,gv: -2.861788617886179
[0.0, 1.0, 2.0, 0.0],c: 20,gv: -2.990683229813665
[4.0, 0.0, 0.0, 0.0],c: 20,gv: -3.503184713375796
[0.0, 1.0, 0.0, 0.0],c: 6,gv: -17.240853658536587
[0.0, 0.0, 1.0, 0.0],c: 7,gv: -16.072567783094097
[0.0, 0.0, 0.0, 1.0],c: 8,gv: -15.03344481605351
[2.0, 0.0, 0.0, 0.0],c: 10,gv: -11.328125
[1.0, 1.0, 0.0, 0.0],c: 11,gv: -9.485981308411215
[1.0, 0.0, 1.0, 0.0],c: 12,gv: -7.463235294117646
[1.0, 0.0, 0.0, 1.0],c: 13,gv: -6.241721854304635
[0.0, 2.0, 0.0, 0.0],c: 12,gv: -8.940711462450594
[0.0, 1.0, 1.0, 0.0],c: 13,gv: -7.054054054054055
[0.0, 1.0, 0.0, 1.0],c: 14,gv: -5.179171981908848
[0.0, 0.0, 2.0, 0.0],c: 14,gv: -6.688606194690267
[0.0, 0.0, 1.0, 1.0],c: 15,gv: -4.753394846796657
[3.0, 0.0, 0.0, 0.0],c: 15,gv: -7.025193798449613
[0.0, 0.0, 0.0, 2.0],c: 16,gv: -4.517587939698492
[2.0, 1.0, 0.0, 0.0],c: 16,gv: -7.349876368774284
[2.0, 0.0, 1.0, 0.0],c: 17,gv: -5.732366325369739
[2.0, 0.0, 0.0, 1.0],c: 18,gv: -4.369618696186961
[1.0, 2.0, 0.0, 0.0],c: 17,gv: -5.179171981908848
[1.0, 1.0, 1.0, 0.0],c: 18,gv: -4.48988980143466
[1.0, 1.0, 0.0, 1.0],c: 19,gv: -3.912001842893342
[1.0, 0.0, 2.0, 0.0],c: 19,gv: -3.7400347016117994
[1.0, 0.0, 1.0, 1.0],c: 20,gv: -3.1491151911340367
[0.0, 3.0, 0.0, 0.0],c: 18,gv: -4.810133695474022
[0.0, 2.0, 1.0, 0.0],c: 19,gv: -5.43572825024438
[0.0, 2.0, 0.0, 1.0],c: 20,gv: -3.3093738421637644
[0.0, 1.0, 2.0, 0.0],c: 20,gv: -3.444136310792483
[4.0, 0.0, 0.0, 0.0],c: 20,gv: -4.808673469387755
[0.0, 1.0, 0.0, 0.0, 0.0, 0.0],c: 8,gv: -28.229508196721312
[0.0, 0.0, 1.0, 0.0, 0.0, 0.0],c: 10,gv: -12.300000000000002
[0.0, 0.0, 0.0, 0.0, 1.0, 0.0],c: 8,gv: -28.0
[0.0, 0.0, 0.0, 0.0, 0.0, 1.0],c: 10,gv: -16.400000000000002
[2.0, 0.0, 0.0, 0.0, 0.0, 0.0],c: 10,gv: -21.508196721311474
[1.0, 0.0, 0.0, 1.0, 0.0, 0.0],c: 10,gv: -15.490759753593426
[0.0, 0.0, 0.0, 2.0, 0.0, 0.0],c: 10,gv: -16.0
