[0.0, 1.0, 0.0, 0.0, 0.0, 0.0],c: 8,gv: -29.556792526274823
[0.0, 0.0, 1.0, 0.0, 0.0, 0.0],c: 10,gv: -28.6
[0.0, 0.0, 0.0, 0.0, 1.0, 0.0],c: 8,gv: -30.8
[0.0, 0.0, 0.0, 0.0, 0.0, 1.0],c: 10,gv: -30.8
[2.0, 0.0, 0.0, 0.0, 0.0, 0.0],c: 10,gv: -24.35088510824952
[1.0, 0.0, 0.0, 1.0, 0.0, 0.0],c: 10,gv: -19.514090589535
[0.0, 0.0, 0.0, 2.0, 0.0, 0.0],c: 10,gv: -17.6
[0.0, 1.0, 0.0, 0.0, 0.0, 0.0],c: 8,gv: -18.124999999999996
[0.0, 0.0, 1.0, 0.0, 0.0, 0.0],c: 10,gv: -12.917401834173047
[0.0, 0.0, 0.0, 0.0, 1.0, 0.0],c: 8,gv: -18.79629629629629
[0.0, 0.0, 0.0, 0.0, 0.0, 1.0],c: 10,gv: -11.600000000000001
[2.0, 0.0, 0.0, 0.0, 0.0, 0.0],c: 10,gv: -13.409685583151036
[1.0, 0.0, 0.0, 1.0, 0.0, 0.0],c: 10,gv: -11.208725125738027
[0.0, 0.0, 0.0, 2.0, 0.0, 0.0],c: 10,gv: -11.636428990332773
[0.0, 1.0, 0.0, 0.0, 0.0, 0.0],c: 8,gv: -30.387500000000003
[0.0, 0.0, 1.0, 0.0, 0.0, 0.0],c: 10,gv: -22.24444444444445
[0.0, 0.0, 0.0, 0.0, 1.0, 0.0],c: 8,gv: -28.430769230769226
[0.0, 0.0, 0.0, 0.0, 0.0, 1.0],c: 10,gv: -23.95555555555556
[2.0, 0.0, 0.0, 0.0, 0.0, 0.0],c: 10,gv: -24.354153132250584
[1.0, 0.0, 0.0, 1.0, 0.0, 0.0],c: 10,gv: -19.68777895855473
[0.0, 0.0, 0.0, 2.0, 0.0, 0.0],c: 10,gv: -18.571712158808932
[0.0, 1.0, 0.0, 0.0, 0.0, 0.0],c: 8,gv: -29.789332973839745
[0.0, 0.0, 1.0, 0.0, 0.0, 0.0],c: 10,gv: -23.734505741987302
[0.0, 0.0, 0.0, 0.0, 1.0, 0.0],c: 8,gv: -30.464885692268172
[0.0, 0.0, 0.0, 0.0, 0.0, 1.0],c: 10,gv: -22.008611472330593
[2.0, 0.0, 0.0, 0.0, 0.0, 0.0],c: 10,gv: -25.739493740900954
[1.0, 0.0, 0.0, 1.0, 0.0, 0.0],c: 10,gv: -25.147544359512327
[0.0, 0.0, 0.0, 2.0, 0.0, 0.0],c: 10,gv: -24.624032025947162
[0.0, 1.0, 0.0, 0.0, 0.0, 0.0],c: 8,gv: -30.8806876790831
[0.0, 0.0, 1.0, 0.0, 0.0, 0.0],c: 10,gv: -24.05
[0.0, 0.0, 0.0, 0.0, 1.0, 0.0],c: 8,gv: -29.989473684210527
[0.0, 0.0, 0.0, 0.0, 0.0, 1.0],c: 10,gv: -25.9
[2.0, 0.0, 0.0, 0.0, 0.0, 0.0],c: 10,gv: -25.134035087719305
[1.0, 0.0, 0.0, 1.0, 0.0, 0.0],c: 10,gv: -20.766255342485415
[0.0, 0.0, 0.0, 2.0, 0.0, 0.0],c: 10,gv: -19.689155455593042
[0.0, 1.0, 0.0, 0.0, 0.0, 0.0],c: 8,gv: -29.726545711355115
[0.0, 0.0, 1.0, 0.0, 0.0, 0.0],c: 10,gv: -21.293302477137736
[0.0, 0.0, 0.0, 0.0, 1.0, 0.0],c: 8,gv: -33.824999867197164
[0.0, 0.0, 0.0, 0.0, 0.0, 1.0],c: 10,gv: -18.799999999999997
[2.0, 0.0, 0.0, 0.0, 0.0, 0.0],c: 10,gv: -22.092914865626767
[1.0, 0.0, 0.0, 1.0, 0.0, 0.0],c: 10,gv: -22.22421473686447
[0.0, 0.0, 0.0, 2.0, 0.0, 0.0],c: 10,gv: -24.298260595466658
[1.0, 1.0, 0.0, 0.0, 0.0, 0.0],c: 13,gv: -8.310369119317727
[1.0, 0.0, 1.0, 0.0, 0.0, 0.0],c: 15,gv: -7.450074962518742
[1.0, 0.0, 0.0, 0.0, 1.0, 0.0],c: 13,gv: -13.053261520047876
[1.0, 0.0, 0.0, 0.0, 0.0, 1.0],c: 15,gv: -6.820849005910799
[0.0, 1.0, 0.0, 1.0, 0.0, 0.0],c: 13,gv: -9.316184351554128
[0.0, 0.0, 1.0, 1.0, 0.0, 0.0],c: 15,gv: -7.9477299069443985
[0.0, 0.0, 0.0, 1.0, 1.0, 0.0],c: 13,gv: -13.942234332425068
[0.0, 0.0, 0.0, 1.0, 0.0, 1.0],c: 15,gv: -7.712957618107246
[3.0, 0.0, 0.0, 0.0, 0.0, 0.0],c: 15,gv: -7.450074962518742
[2.0, 0.0, 0.0, 1.0, 0.0, 0.0],c: 15,gv: -7.8372159402788455
[1.0, 0.0, 0.0, 2.0, 0.0, 0.0],c: 15,gv: -8.587520276846547
[0.0, 0.0, 0.0, 3.0, 0.0, 0.0],c: 15,gv: -10.247633705271259
[1.0, 1.0, 0.0, 0.0, 0.0, 0.0],c: 13,gv: -16.678008541297313
[1.0, 0.0, 1.0, 0.0, 0.0, 0.0],c: 15,gv: -9.780612737830447
[1.0, 0.0, 0.0, 0.0, 1.0, 0.0],c: 13,gv: -15.051717410045828
[1.0, 0.0, 0.0, 0.0, 0.0, 1.0],c: 15,gv: -10.18873942260691
[0.0, 1.0, 0.0, 1.0, 0.0, 0.0],c: 13,gv: -14.493809571800723
[0.0, 0.0, 1.0, 1.0, 0.0, 0.0],c: 15,gv: -9.567877168786831
[0.0, 0.0, 0.0, 1.0, 1.0, 0.0],c: 13,gv: -15.568452422855803
[0.0, 0.0, 0.0, 1.0, 0.0, 1.0],c: 15,gv: -8.814813015184383
[3.0, 0.0, 0.0, 0.0, 0.0, 0.0],c: 15,gv: -12.26796886224595
[2.0, 0.0, 0.0, 1.0, 0.0, 0.0],c: 15,gv: -10.46343996743997
[1.0, 0.0, 0.0, 2.0, 0.0, 0.0],c: 15,gv: -10.12138364779874
[0.0, 0.0, 0.0, 3.0, 0.0, 0.0],c: 15,gv: -10.460053971606243
[1.0, 1.0, 0.0, 0.0, 0.0, 0.0],c: 13,gv: -10.38637911464245
[1.0, 0.0, 1.0, 0.0, 0.0, 0.0],c: 15,gv: -8.727881040892196
[1.0, 0.0, 0.0, 0.0, 1.0, 0.0],c: 13,gv: -11.85757575757576
[1.0, 0.0, 0.0, 0.0, 0.0, 1.0],c: 15,gv: -9.39925650557621
[0.0, 1.0, 0.0, 1.0, 0.0, 0.0],c: 13,gv: -8.914634146341463
[0.0, 0.0, 1.0, 1.0, 0.0, 0.0],c: 15,gv: -9.39925650557621
[0.0, 0.0, 0.0, 1.0, 1.0, 0.0],c: 13,gv: -14.251428571428571
[0.0, 0.0, 0.0, 1.0, 0.0, 1.0],c: 15,gv: -10.805128205128204
[3.0, 0.0, 0.0, 0.0, 0.0, 0.0],c: 15,gv: -8.206995149348993
[2.0, 0.0, 0.0, 1.0, 0.0, 0.0],c: 15,gv: -7.425000000000001
[1.0, 0.0, 0.0, 2.0, 0.0, 0.0],c: 15,gv: -8.346148120015194
[0.0, 0.0, 0.0, 3.0, 0.0, 0.0],c: 15,gv: -9.643412322274882
[1.0, 1.0, 0.0, 0.0, 0.0, 0.0],c: 13,gv: -12.20963128394609
[1.0, 0.0, 1.0, 0.0, 0.0, 0.0],c: 15,gv: -6.184286779042199
[1.0, 0.0, 0.0, 0.0, 1.0, 0.0],c: 13,gv: -12.897766375781654
[1.0, 0.0, 0.0, 0.0, 0.0, 1.0],c: 15,gv: -7.790512156568482
[0.0, 1.0, 0.0, 1.0, 0.0, 0.0],c: 13,gv: -11.729608750574407
[0.0, 0.0, 1.0, 1.0, 0.0, 0.0],c: 15,gv: -6.690211023703151
[0.0, 0.0, 0.0, 1.0, 1.0, 0.0],c: 13,gv: -13.844873022986189
[0.0, 0.0, 0.0, 1.0, 0.0, 1.0],c: 15,gv: -7.013307984790876
[3.0, 0.0, 0.0, 0.0, 0.0, 0.0],c: 15,gv: -6.632000435824798
[2.0, 0.0, 0.0, 1.0, 0.0, 0.0],c: 15,gv: -6.840586718246293
[1.0, 0.0, 0.0, 2.0, 0.0, 0.0],c: 15,gv: -6.956899469705517
[0.0, 0.0, 0.0, 3.0, 0.0, 0.0],c: 15,gv: -9.375820242592962
[1.0, 1.0, 0.0, 0.0, 0.0, 0.0],c: 13,gv: -14.656250285620274
[1.0, 0.0, 1.0, 0.0, 0.0, 0.0],c: 15,gv: -8.197636978337478
[1.0, 0.0, 0.0, 0.0, 1.0, 0.0],c: 13,gv: -14.048008466422935
[1.0, 0.0, 0.0, 0.0, 0.0, 1.0],c: 15,gv: -8.75
[0.0, 1.0, 0.0, 1.0, 0.0, 0.0],c: 13,gv: -12.809761565111065
[0.0, 0.0, 1.0, 1.0, 0.0, 0.0],c: 15,gv: -8.807355690250949
[0.0, 0.0, 0.0, 1.0, 1.0, 0.0],c: 13,gv: -15.039138943248533
[0.0, 0.0, 0.0, 1.0, 0.0, 1.0],c: 15,gv: -10.0
[3.0, 0.0, 0.0, 0.0, 0.0, 0.0],c: 15,gv: -10.811403508771932
[2.0, 0.0, 0.0, 1.0, 0.0, 0.0],c: 15,gv: -11.052369967386147
[1.0, 0.0, 0.0, 2.0, 0.0, 0.0],c: 15,gv: -8.907760140872275
[0.0, 0.0, 0.0, 3.0, 0.0, 0.0],c: 15,gv: -12.388412984670873
[1.0, 1.0, 0.0, 0.0, 0.0, 0.0],c: 13,gv: -8.721516213847503
[1.0, 0.0, 1.0, 0.0, 0.0, 0.0],c: 15,gv: -6.962214411247805
[1.0, 0.0, 0.0, 0.0, 1.0, 0.0],c: 13,gv: -10.961538461538463
[1.0, 0.0, 0.0, 0.0, 0.0, 1.0],c: 15,gv: -7.841269841269842
[0.0, 1.0, 0.0, 1.0, 0.0, 0.0],c: 13,gv: -7.5396825396825395
[0.0, 0.0, 1.0, 1.0, 0.0, 0.0],c: 15,gv: -6.333333333333334
[0.0, 0.0, 0.0, 1.0, 1.0, 0.0],c: 13,gv: -13.233830845771143
[0.0, 0.0, 0.0, 1.0, 0.0, 1.0],c: 15,gv: -8.444444444444445
[3.0, 0.0, 0.0, 0.0, 0.0, 0.0],c: 15,gv: -5.880952380952382
[2.0, 0.0, 0.0, 1.0, 0.0, 0.0],c: 15,gv: -6.333333333333334
[1.0, 0.0, 0.0, 2.0, 0.0, 0.0],c: 15,gv: -6.936507936507938
[0.0, 0.0, 0.0, 3.0, 0.0, 0.0],c: 15,gv: -8.444444444444445
[1.0, 1.0, 0.0, 0.0, 0.0, 0.0],c: 13,gv: -14.934258582907237
[1.0, 0.0, 1.0, 0.0, 0.0, 0.0],c: 15,gv: -9.852164966899267
[1.0, 0.0, 0.0, 0.0, 1.0, 0.0],c: 13,gv: -13.333002619255495
[1.0, 0.0, 0.0, 0.0, 0.0, 1.0],c: 15,gv: -9.845479424285424
[0.0, 1.0, 0.0, 1.0, 0.0, 0.0],c: 13,gv: -12.727879560869203
[0.0, 0.0, 1.0, 1.0, 0.0, 0.0],c: 15,gv: -9.398148148148149
[0.0, 0.0, 0.0, 1.0, 1.0, 0.0],c: 13,gv: -12.139885595423817
[0.0, 0.0, 0.0, 1.0, 0.0, 1.0],c: 15,gv: -11.09289617486339
[3.0, 0.0, 0.0, 0.0, 0.0, 0.0],c: 15,gv: -12.180307389460934
[2.0, 0.0, 0.0, 1.0, 0.0, 0.0],c: 15,gv: -10.207142674264126
[1.0, 0.0, 0.0, 2.0, 0.0, 0.0],c: 15,gv: -10.275585551208069
[0.0, 0.0, 0.0, 3.0, 0.0, 0.0],c: 15,gv: -10.219538014361456
[1.0, 1.0, 0.0, 0.0, 0.0, 0.0],c: 13,gv: -25.22635983263598
[1.0, 0.0, 1.0, 0.0, 0.0, 0.0],c: 15,gv: -13.200000000000001
[1.0, 0.0, 0.0, 0.0, 1.0, 0.0],c: 13,gv: -24.543750000000003
[1.0, 0.0, 0.0, 0.0, 0.0, 1.0],c: 15,gv: -16.193814432989697
[0.0, 1.0, 0.0, 1.0, 0.0, 0.0],c: 13,gv: -21.65625
[0.0, 0.0, 1.0, 1.0, 0.0, 0.0],c: 15,gv: -15.400000000000002
[0.0, 0.0, 0.0, 1.0, 1.0, 0.0],c: 13,gv: -25.987499999999997
[0.0, 0.0, 0.0, 1.0, 0.0, 1.0],c: 15,gv: -17.599999999999998
[3.0, 0.0, 0.0, 0.0, 0.0, 0.0],c: 15,gv: -19.66882845188285
[2.0, 0.0, 0.0, 1.0, 0.0, 0.0],c: 15,gv: -20.495803480040944
[1.0, 0.0, 0.0, 2.0, 0.0, 0.0],c: 15,gv: -16.67244235238039
[0.0, 0.0, 0.0, 3.0, 0.0, 0.0],c: 15,gv: -17.461417322834645
[1.0, 1.0, 0.0, 0.0, 0.0, 0.0],c: 13,gv: -23.161298677068103
[1.0, 0.0, 1.0, 0.0, 0.0, 0.0],c: 15,gv: -15.822725435069083
[1.0, 0.0, 0.0, 0.0, 1.0, 0.0],c: 13,gv: -23.037398373983734
[1.0, 0.0, 0.0, 0.0, 0.0, 1.0],c: 15,gv: -14.607308871848984
[0.0, 1.0, 0.0, 1.0, 0.0, 0.0],c: 13,gv: -21.77408513816281
[0.0, 0.0, 1.0, 1.0, 0.0, 0.0],c: 15,gv: -14.34859039557556
[0.0, 0.0, 0.0, 1.0, 1.0, 0.0],c: 13,gv: -25.55709578456993
[0.0, 0.0, 0.0, 1.0, 0.0, 1.0],c: 15,gv: -14.560924531428801
[3.0, 0.0, 0.0, 0.0, 0.0, 0.0],c: 15,gv: -18.40933893885902
[2.0, 0.0, 0.0, 1.0, 0.0, 0.0],c: 15,gv: -16.72349691432719
[1.0, 0.0, 0.0, 2.0, 0.0, 0.0],c: 15,gv: -15.324991212653778
[0.0, 0.0, 0.0, 3.0, 0.0, 0.0],c: 15,gv: -19.13260051856992
[1.0, 1.0, 0.0, 0.0, 0.0, 0.0],c: 13,gv: -11.225806451612904
[1.0, 0.0, 1.0, 0.0, 0.0, 0.0],c: 15,gv: -4.886680058436816
[1.0, 0.0, 0.0, 0.0, 1.0, 0.0],c: 13,gv: -9.865505685721898
[1.0, 0.0, 0.0, 0.0, 0.0, 1.0],c: 15,gv: -4.642871287128714
[0.0, 1.0, 0.0, 1.0, 0.0, 0.0],c: 13,gv: -8.506837229819146
[0.0, 0.0, 1.0, 1.0, 0.0, 0.0],c: 15,gv: -3.8629920160710056
[0.0, 0.0, 0.0, 1.0, 1.0, 0.0],c: 13,gv: -9.383111111111111
[0.0, 0.0, 0.0, 1.0, 0.0, 1.0],c: 15,gv: -4.640000000000001
[3.0, 0.0, 0.0, 0.0, 0.0, 0.0],c: 15,gv: -6.776842105263159
[2.0, 0.0, 0.0, 1.0, 0.0, 0.0],c: 15,gv: -5.942397150240974
[1.0, 0.0, 0.0, 2.0, 0.0, 0.0],c: 15,gv: -4.5474393926069245
[0.0, 0.0, 0.0, 3.0, 0.0, 0.0],c: 15,gv: -5.119669193659546
[1.0, 1.0, 0.0, 0.0, 0.0, 0.0],c: 13,gv: -8.230631194585994
[1.0, 0.0, 1.0, 0.0, 0.0, 0.0],c: 15,gv: -5.557027922385236
[1.0, 0.0, 0.0, 0.0, 1.0, 0.0],c: 13,gv: -9.063485663417591
[1.0, 0.0, 0.0, 0.0, 0.0, 1.0],c: 15,gv: -5.662326149899434
[0.0, 1.0, 0.0, 1.0, 0.0, 0.0],c: 13,gv: -8.546404499570544
[0.0, 0.0, 1.0, 1.0, 0.0, 0.0],c: 15,gv: -5.989626019206717
[0.0, 0.0, 0.0, 1.0, 1.0, 0.0],c: 13,gv: -9.242324888226527
[0.0, 0.0, 0.0, 1.0, 0.0, 1.0],c: 15,gv: -5.941733251382913
[3.0, 0.0, 0.0, 0.0, 0.0, 0.0],c: 15,gv: -6.275067313495196
[2.0, 0.0, 0.0, 1.0, 0.0, 0.0],c: 15,gv: -6.8356181843266866
[1.0, 0.0, 0.0, 2.0, 0.0, 0.0],c: 15,gv: -6.415483933406831
[0.0, 0.0, 0.0, 3.0, 0.0, 0.0],c: 15,gv: -7.6645679042924755
[0.0, 2.0, 0.0, 0.0, 0.0, 0.0],c: 16,gv: -4.507104515314178
[0.0, 1.0, 1.0, 0.0, 0.0, 0.0],c: 18,gv: -1.891056013177228
[0.0, 1.0, 0.0, 0.0, 1.0, 0.0],c: 16,gv: -4.839654210819855
[0.0, 1.0, 0.0, 0.0, 0.0, 1.0],c: 18,gv: -2.3462260187648787
[0.0, 0.0, 2.0, 0.0, 0.0, 0.0],c: 20,gv: -1.8391474378184003
[0.0, 0.0, 1.0, 0.0, 1.0, 0.0],c: 18,gv: -2.909016393442623
[0.0, 0.0, 1.0, 0.0, 0.0, 1.0],c: 20,gv: -2.11054579093432
[0.0, 0.0, 0.0, 0.0, 2.0, 0.0],c: 16,gv: -6.112102621305075
[0.0, 0.0, 0.0, 0.0, 1.0, 1.0],c: 18,gv: -3.5532289752202293
[0.0, 0.0, 0.0, 0.0, 0.0, 2.0],c: 20,gv: -2.4268932327253285
[2.0, 1.0, 0.0, 0.0, 0.0, 0.0],c: 18,gv: -2.400420053045769
[2.0, 0.0, 1.0, 0.0, 0.0, 0.0],c: 20,gv: -2.2274825137158647
[2.0, 0.0, 0.0, 0.0, 1.0, 0.0],c: 18,gv: -3.0479961430186426
[2.0, 0.0, 0.0, 0.0, 0.0, 1.0],c: 20,gv: -2.1931793604738674
[1.0, 1.0, 0.0, 1.0, 0.0, 0.0],c: 18,gv: -2.2551793294041502
[1.0, 0.0, 1.0, 1.0, 0.0, 0.0],c: 20,gv: -2.2545191649842797
[1.0, 0.0, 0.0, 1.0, 1.0, 0.0],c: 18,gv: -3.4937634551054884
[1.0, 0.0, 0.0, 1.0, 0.0, 1.0],c: 20,gv: -2.301970756197808
[0.0, 1.0, 0.0, 2.0, 0.0, 0.0],c: 18,gv: -3.106841076353575
[0.0, 0.0, 1.0, 2.0, 0.0, 0.0],c: 20,gv: -2.2192561355583935
[0.0, 0.0, 0.0, 2.0, 1.0, 0.0],c: 18,gv: -3.811764705882353
[0.0, 0.0, 0.0, 2.0, 0.0, 1.0],c: 20,gv: -2.4958781011916393
[4.0, 0.0, 0.0, 0.0, 0.0, 0.0],c: 20,gv: -2.511966167759363
[3.0, 0.0, 0.0, 1.0, 0.0, 0.0],c: 20,gv: -2.1552307854063724
[2.0, 0.0, 0.0, 2.0, 0.0, 0.0],c: 20,gv: -2.974989757978606
[1.0, 0.0, 0.0, 3.0, 0.0, 0.0],c: 20,gv: -2.7044985408558864
[0.0, 0.0, 0.0, 4.0, 0.0, 0.0],c: 20,gv: -3.33996525555454
[0.0, 2.0, 0.0, 0.0, 0.0, 0.0],c: 16,gv: -20.415999999999997
[0.0, 1.0, 1.0, 0.0, 0.0, 0.0],c: 18,gv: -10.743229461756371
[0.0, 1.0, 0.0, 0.0, 1.0, 0.0],c: 16,gv: -19.799999999999997
[0.0, 1.0, 0.0, 0.0, 0.0, 1.0],c: 18,gv: -12.375
[0.0, 0.0, 2.0, 0.0, 0.0, 0.0],c: 20,gv: -13.200000000000001
[0.0, 0.0, 1.0, 0.0, 1.0, 0.0],c: 18,gv: -15.400000000000002
[0.0, 0.0, 1.0, 0.0, 0.0, 1.0],c: 20,gv: -15.400000000000006
[0.0, 0.0, 0.0, 0.0, 2.0, 0.0],c: 16,gv: -23.76
[0.0, 0.0, 0.0, 0.0, 1.0, 1.0],c: 18,gv: -17.599999999999998
[0.0, 0.0, 0.0, 0.0, 0.0, 2.0],c: 20,gv: -17.599999999999998
[2.0, 1.0, 0.0, 0.0, 0.0, 0.0],c: 18,gv: -14.83058823529412
[2.0, 0.0, 1.0, 0.0, 0.0, 0.0],c: 20,gv: -10.939555728760721
[2.0, 0.0, 0.0, 0.0, 1.0, 0.0],c: 18,gv: -13.200000000000006
[2.0, 0.0, 0.0, 0.0, 0.0, 1.0],c: 20,gv: -10.824000000000002
[1.0, 1.0, 0.0, 1.0, 0.0, 0.0],c: 18,gv: -12.134727868007912
[1.0, 0.0, 1.0, 1.0, 0.0, 0.0],c: 20,gv: -9.504000000000001
[1.0, 0.0, 0.0, 1.0, 1.0, 0.0],c: 18,gv: -14.936842105263157
[1.0, 0.0, 0.0, 1.0, 0.0, 1.0],c: 20,gv: -12.141127533580475
[0.0, 1.0, 0.0, 2.0, 0.0, 0.0],c: 18,gv: -13.394117647058824
[0.0, 0.0, 1.0, 2.0, 0.0, 0.0],c: 20,gv: -10.120000000000001
[0.0, 0.0, 0.0, 2.0, 1.0, 0.0],c: 18,gv: -16.673684210526314
[0.0, 0.0, 0.0, 2.0, 0.0, 1.0],c: 20,gv: -12.672000000000004
[4.0, 0.0, 0.0, 0.0, 0.0, 0.0],c: 20,gv: -12.321205479452058
[3.0, 0.0, 0.0, 1.0, 0.0, 0.0],c: 20,gv: -12.095195441155344
[2.0, 0.0, 0.0, 2.0, 0.0, 0.0],c: 20,gv: -10.081889763779529
[1.0, 0.0, 0.0, 3.0, 0.0, 0.0],c: 20,gv: -11.50391061452514
[0.0, 0.0, 0.0, 4.0, 0.0, 0.0],c: 20,gv: -14.201379310344828
[0.0, 2.0, 0.0, 0.0, 0.0, 0.0],c: 16,gv: -9.914529914529915
[0.0, 1.0, 1.0, 0.0, 0.0, 0.0],c: 18,gv: -2.573109131995216
[0.0, 1.0, 0.0, 0.0, 1.0, 0.0],c: 16,gv: -10.668449629940856
[0.0, 1.0, 0.0, 0.0, 0.0, 1.0],c: 18,gv: -3.834830339321358
[0.0, 0.0, 2.0, 0.0, 0.0, 0.0],c: 20,gv: -4.567452521283563
[0.0, 0.0, 1.0, 0.0, 1.0, 0.0],c: 18,gv: -6.578109381693562
[0.0, 0.0, 1.0, 0.0, 0.0, 1.0],c: 20,gv: -3.7163006246222046
[0.0, 0.0, 0.0, 0.0, 2.0, 0.0],c: 16,gv: -13.320032620725812
[0.0, 0.0, 0.0, 0.0, 1.0, 1.0],c: 18,gv: -6.896341463414635
[0.0, 0.0, 0.0, 0.0, 0.0, 2.0],c: 20,gv: -4.437158469945356
[2.0, 1.0, 0.0, 0.0, 0.0, 0.0],c: 18,gv: -2.599546988559187
[2.0, 0.0, 1.0, 0.0, 0.0, 0.0],c: 20,gv: -2.492633380961369
[2.0, 0.0, 0.0, 0.0, 1.0, 0.0],c: 18,gv: -6.101554907677358
[2.0, 0.0, 0.0, 0.0, 0.0, 1.0],c: 20,gv: -2.699036100136869
[1.0, 1.0, 0.0, 1.0, 0.0, 0.0],c: 18,gv: -2.5392372204472853
[1.0, 0.0, 1.0, 1.0, 0.0, 0.0],c: 20,gv: -2.8394836972719513
[1.0, 0.0, 0.0, 1.0, 1.0, 0.0],c: 18,gv: -6.696710526315791
[1.0, 0.0, 0.0, 1.0, 0.0, 1.0],c: 20,gv: -3.6988953833310134
[0.0, 1.0, 0.0, 2.0, 0.0, 0.0],c: 18,gv: -4.031636404143924
[0.0, 0.0, 1.0, 2.0, 0.0, 0.0],c: 20,gv: -3.5049036350329357
[0.0, 0.0, 0.0, 2.0, 1.0, 0.0],c: 18,gv: -8.231023102310234
[0.0, 0.0, 0.0, 2.0, 0.0, 1.0],c: 20,gv: -3.707867392380011
[4.0, 0.0, 0.0, 0.0, 0.0, 0.0],c: 20,gv: -5.832954545454547
[3.0, 0.0, 0.0, 1.0, 0.0, 0.0],c: 20,gv: -2.4725028164361516
[2.0, 0.0, 0.0, 2.0, 0.0, 0.0],c: 20,gv: -2.95948749973083
[1.0, 0.0, 0.0, 3.0, 0.0, 0.0],c: 20,gv: -3.7895070955534536
[0.0, 0.0, 0.0, 4.0, 0.0, 0.0],c: 20,gv: -4.1852250108673275
[0.0, 2.0, 0.0, 0.0, 0.0, 0.0],c: 16,gv: -9.42137404580153
[0.0, 1.0, 1.0, 0.0, 0.0, 0.0],c: 18,gv: -5.011874314943369
[0.0, 1.0, 0.0, 0.0, 1.0, 0.0],c: 16,gv: -10.95131511186557
[0.0, 1.0, 0.0, 0.0, 0.0, 1.0],c: 18,gv: -6.630721729062138
[0.0, 0.0, 2.0, 0.0, 0.0, 0.0],c: 20,gv: -4.169155555555557
[0.0, 0.0, 1.0, 0.0, 1.0, 0.0],c: 18,gv: -7.521224688948524
[0.0, 0.0, 1.0, 0.0, 0.0, 1.0],c: 20,gv: -4.723254087793403
[0.0, 0.0, 0.0, 0.0, 2.0, 0.0],c: 16,gv: -13.268883610451306
[0.0, 0.0, 0.0, 0.0, 1.0, 1.0],c: 18,gv: -7.766315789473685
[0.0, 0.0, 0.0, 0.0, 0.0, 2.0],c: 20,gv: -4.960000000000001
[2.0, 1.0, 0.0, 0.0, 0.0, 0.0],c: 18,gv: -5.889293196943555
[2.0, 0.0, 1.0, 0.0, 0.0, 0.0],c: 20,gv: -5.00056211532042
[2.0, 0.0, 0.0, 0.0, 1.0, 0.0],c: 18,gv: -8.077447924264824
[2.0, 0.0, 0.0, 0.0, 0.0, 1.0],c: 20,gv: -4.690010314797164
[1.0, 1.0, 0.0, 1.0, 0.0, 0.0],c: 18,gv: -5.449241995422439
[1.0, 0.0, 1.0, 1.0, 0.0, 0.0],c: 20,gv: -4.455130057803468
[1.0, 0.0, 0.0, 1.0, 1.0, 0.0],c: 18,gv: -8.429258777633292
[1.0, 0.0, 0.0, 1.0, 0.0, 1.0],c: 20,gv: -6.268893106403821
[0.0, 1.0, 0.0, 2.0, 0.0, 0.0],c: 18,gv: -6.113248198027669
[0.0, 0.0, 1.0, 2.0, 0.0, 0.0],c: 20,gv: -5.023625976144721
[0.0, 0.0, 0.0, 2.0, 1.0, 0.0],c: 18,gv: -9.574516079865875
[0.0, 0.0, 0.0, 2.0, 0.0, 1.0],c: 20,gv: -5.3904976462676535
[4.0, 0.0, 0.0, 0.0, 0.0, 0.0],c: 20,gv: -5.017687536685582
[3.0, 0.0, 0.0, 1.0, 0.0, 0.0],c: 20,gv: -4.982072528226139
[2.0, 0.0, 0.0, 2.0, 0.0, 0.0],c: 20,gv: -4.839059424194597
[1.0, 0.0, 0.0, 3.0, 0.0, 0.0],c: 20,gv: -6.233620964960994
[0.0, 0.0, 0.0, 4.0, 0.0, 0.0],c: 20,gv: -6.241644962302948
[0.0, 2.0, 0.0, 0.0, 0.0, 0.0],c: 16,gv: -18.367651632970446
[0.0, 1.0, 1.0, 0.0, 0.0, 0.0],c: 18,gv: -8.487886086456603
[0.0, 1.0, 0.0, 0.0, 1.0, 0.0],c: 16,gv: -16.154531001589827
[0.0, 1.0, 0.0, 0.0, 0.0, 1.0],c: 18,gv: -8.79237920348904
[0.0, 0.0, 2.0, 0.0, 0.0, 0.0],c: 20,gv: -5.9624183085813005
[0.0, 0.0, 1.0, 0.0, 1.0, 0.0],c: 18,gv: -9.473323100645793
[0.0, 0.0, 1.0, 0.0, 0.0, 1.0],c: 20,gv: -5.889574527833181
[0.0, 0.0, 0.0, 0.0, 2.0, 0.0],c: 16,gv: -18.00067001675042
[0.0, 0.0, 0.0, 0.0, 1.0, 1.0],c: 18,gv: -11.061525509345008
[0.0, 0.0, 0.0, 0.0, 0.0, 2.0],c: 20,gv: -8.742960276080899
[2.0, 1.0, 0.0, 0.0, 0.0, 0.0],c: 18,gv: -12.340535094593085
[2.0, 0.0, 1.0, 0.0, 0.0, 0.0],c: 20,gv: -7.557902063965532
[2.0, 0.0, 0.0, 0.0, 1.0, 0.0],c: 18,gv: -13.644991450445529
[2.0, 0.0, 0.0, 0.0, 0.0, 1.0],c: 20,gv: -7.878459668971297
[1.0, 1.0, 0.0, 1.0, 0.0, 0.0],c: 18,gv: -10.480425529642348
[1.0, 0.0, 1.0, 1.0, 0.0, 0.0],c: 20,gv: -7.364181027662136
[1.0, 0.0, 0.0, 1.0, 1.0, 0.0],c: 18,gv: -12.088392423506557
[1.0, 0.0, 0.0, 1.0, 0.0, 1.0],c: 20,gv: -7.767982067455561
[0.0, 1.0, 0.0, 2.0, 0.0, 0.0],c: 18,gv: -10.89838883150351
[0.0, 0.0, 1.0, 2.0, 0.0, 0.0],c: 20,gv: -7.184076620332205
[0.0, 0.0, 0.0, 2.0, 1.0, 0.0],c: 18,gv: -15.654511538666528
[0.0, 0.0, 0.0, 2.0, 0.0, 1.0],c: 20,gv: -7.548908884062467
[4.0, 0.0, 0.0, 0.0, 0.0, 0.0],c: 20,gv: -8.775418994413409
[3.0, 0.0, 0.0, 1.0, 0.0, 0.0],c: 20,gv: -8.407075049822792
[2.0, 0.0, 0.0, 2.0, 0.0, 0.0],c: 20,gv: -7.190876342428631
[1.0, 0.0, 0.0, 3.0, 0.0, 0.0],c: 20,gv: -9.861799352750811
[0.0, 0.0, 0.0, 4.0, 0.0, 0.0],c: 20,gv: -10.063283582089555
[0.0, 2.0, 0.0, 0.0, 0.0, 0.0],c: 16,gv: -11.020468122612868
[0.0, 1.0, 1.0, 0.0, 0.0, 0.0],c: 18,gv: -5.399597155876462
[0.0, 1.0, 0.0, 0.0, 1.0, 0.0],c: 16,gv: -12.5
[0.0, 1.0, 0.0, 0.0, 0.0, 1.0],c: 18,gv: -6.612244897959183
[0.0, 0.0, 2.0, 0.0, 0.0, 0.0],c: 20,gv: -5.069620253164558
[0.0, 0.0, 1.0, 0.0, 1.0, 0.0],c: 18,gv: -8.0950184501845
[0.0, 0.0, 1.0, 0.0, 0.0, 1.0],c: 20,gv: -5.491525423728814
[0.0, 0.0, 0.0, 0.0, 2.0, 0.0],c: 16,gv: -15.588235294117649
[0.0, 0.0, 0.0, 0.0, 1.0, 1.0],c: 18,gv: -9.957446808510637
[0.0, 0.0, 0.0, 0.0, 0.0, 2.0],c: 20,gv: -4.800000000000001
[2.0, 1.0, 0.0, 0.0, 0.0, 0.0],c: 18,gv: -5.8103429910524085
[2.0, 0.0, 1.0, 0.0, 0.0, 0.0],c: 20,gv: -5.114407354177402
[2.0, 0.0, 0.0, 0.0, 1.0, 0.0],c: 18,gv: -9.290389926849379
[2.0, 0.0, 0.0, 0.0, 0.0, 1.0],c: 20,gv: -5.493542330809067
[1.0, 1.0, 0.0, 1.0, 0.0, 0.0],c: 18,gv: -6.014399393709739
[1.0, 0.0, 1.0, 1.0, 0.0, 0.0],c: 20,gv: -5.315687404829237
[1.0, 0.0, 0.0, 1.0, 1.0, 0.0],c: 18,gv: -9.650098175480396
[1.0, 0.0, 0.0, 1.0, 0.0, 1.0],c: 20,gv: -6.612134831460674
[0.0, 1.0, 0.0, 2.0, 0.0, 0.0],c: 18,gv: -6.721179323977626
[0.0, 0.0, 1.0, 2.0, 0.0, 0.0],c: 20,gv: -6.177247014456317
[0.0, 0.0, 0.0, 2.0, 1.0, 0.0],c: 18,gv: -10.316945658620444
[0.0, 0.0, 0.0, 2.0, 0.0, 1.0],c: 20,gv: -6.23529411764706
[4.0, 0.0, 0.0, 0.0, 0.0, 0.0],c: 20,gv: -6.468750000000002
[3.0, 0.0, 0.0, 1.0, 0.0, 0.0],c: 20,gv: -6.234301689083516
[2.0, 0.0, 0.0, 2.0, 0.0, 0.0],c: 20,gv: -6.193503545967735
[1.0, 0.0, 0.0, 3.0, 0.0, 0.0],c: 20,gv: -6.297029702970297
[0.0, 0.0, 0.0, 4.0, 0.0, 0.0],c: 20,gv: -7.310344827586207
[0.0, 2.0, 0.0, 0.0, 0.0, 0.0],c: 16,gv: -2.716231343283582
[0.0, 1.0, 1.0, 0.0, 0.0, 0.0],c: 18,gv: -1.78592734332536
[0.0, 1.0, 0.0, 0.0, 1.0, 0.0],c: 16,gv: -2.6939744197063002
[0.0, 1.0, 0.0, 0.0, 0.0, 1.0],c: 18,gv: -1.9062770780856428
[0.0, 0.0, 2.0, 0.0, 0.0, 0.0],c: 20,gv: -1.3381790810315493
[0.0, 0.0, 1.0, 0.0, 1.0, 0.0],c: 18,gv: -2.0117962123778423
[0.0, 0.0, 1.0, 0.0, 0.0, 1.0],c: 20,gv: -1.2640396659707724
[0.0, 0.0, 0.0, 0.0, 2.0, 0.0],c: 16,gv: -3.1891958531801627
[0.0, 0.0, 0.0, 0.0, 1.0, 1.0],c: 18,gv: -2.144180157853622
[0.0, 0.0, 0.0, 0.0, 0.0, 2.0],c: 20,gv: -1.2925522915580283
[2.0, 1.0, 0.0, 0.0, 0.0, 0.0],c: 18,gv: -2.409249621187166
[2.0, 0.0, 1.0, 0.0, 0.0, 0.0],c: 20,gv: -1.7110574888443948
[2.0, 0.0, 0.0, 0.0, 1.0, 0.0],c: 18,gv: -2.3908829082361516
[2.0, 0.0, 0.0, 0.0, 0.0, 1.0],c: 20,gv: -1.5335203011823655
[1.0, 1.0, 0.0, 1.0, 0.0, 0.0],c: 18,gv: -1.802023786590278
[1.0, 0.0, 1.0, 1.0, 0.0, 0.0],c: 20,gv: -1.5563502450627964
[1.0, 0.0, 0.0, 1.0, 1.0, 0.0],c: 18,gv: -2.450955941351906
[1.0, 0.0, 0.0, 1.0, 0.0, 1.0],c: 20,gv: -1.4764992128312089
[0.0, 1.0, 0.0, 2.0, 0.0, 0.0],c: 18,gv: -1.8565765765765767
[0.0, 0.0, 1.0, 2.0, 0.0, 0.0],c: 20,gv: -1.7849564105977107
[0.0, 0.0, 0.0, 2.0, 1.0, 0.0],c: 18,gv: -2.532016298308433
[0.0, 0.0, 0.0, 2.0, 0.0, 1.0],c: 20,gv: -1.310815364809364
[4.0, 0.0, 0.0, 0.0, 0.0, 0.0],c: 20,gv: -1.7458985429950644
[3.0, 0.0, 0.0, 1.0, 0.0, 0.0],c: 20,gv: -2.19408305834538
[2.0, 0.0, 0.0, 2.0, 0.0, 0.0],c: 20,gv: -1.8920200166238206
[1.0, 0.0, 0.0, 3.0, 0.0, 0.0],c: 20,gv: -2.177815580229158
[0.0, 0.0, 0.0, 4.0, 0.0, 0.0],c: 20,gv: -2.041591067690161
[0.0, 2.0, 0.0, 0.0, 0.0, 0.0],c: 16,gv: -10.474146341463413
[0.0, 1.0, 1.0, 0.0, 0.0, 0.0],c: 18,gv: -6.311724137931035
[0.0, 1.0, 0.0, 0.0, 1.0, 0.0],c: 16,gv: -10.50842490842491
[0.0, 1.0, 0.0, 0.0, 0.0, 1.0],c: 18,gv: -8.867814187972634
[0.0, 0.0, 2.0, 0.0, 0.0, 0.0],c: 20,gv: -5.456641271944354
[0.0, 0.0, 1.0, 0.0, 1.0, 0.0],c: 18,gv: -7.225509300265722
[0.0, 0.0, 1.0, 0.0, 0.0, 1.0],c: 20,gv: -6.948053462405809
[0.0, 0.0, 0.0, 0.0, 2.0, 0.0],c: 16,gv: -11.733333333333336
[0.0, 0.0, 0.0, 0.0, 1.0, 1.0],c: 18,gv: -7.811506849315069
[0.0, 0.0, 0.0, 0.0, 0.0, 2.0],c: 20,gv: -7.040000000000001
[2.0, 1.0, 0.0, 0.0, 0.0, 0.0],c: 18,gv: -8.363644105686731
[2.0, 0.0, 1.0, 0.0, 0.0, 0.0],c: 20,gv: -5.843883495145633
[2.0, 0.0, 0.0, 0.0, 1.0, 0.0],c: 18,gv: -8.716436128565977
[2.0, 0.0, 0.0, 0.0, 0.0, 1.0],c: 20,gv: -9.278302850061959
[1.0, 1.0, 0.0, 1.0, 0.0, 0.0],c: 18,gv: -7.673745638682189
[1.0, 0.0, 1.0, 1.0, 0.0, 0.0],c: 20,gv: -4.711292158389743
[1.0, 0.0, 0.0, 1.0, 1.0, 0.0],c: 18,gv: -7.377534246575343
[1.0, 0.0, 0.0, 1.0, 0.0, 1.0],c: 20,gv: -6.687060806066564
[0.0, 1.0, 0.0, 2.0, 0.0, 0.0],c: 18,gv: -7.374088776614941
[0.0, 0.0, 1.0, 2.0, 0.0, 0.0],c: 20,gv: -6.718168979401202
[0.0, 0.0, 0.0, 2.0, 1.0, 0.0],c: 18,gv: -7.945466237942122
[0.0, 0.0, 0.0, 2.0, 0.0, 1.0],c: 20,gv: -6.769972602739726
[4.0, 0.0, 0.0, 0.0, 0.0, 0.0],c: 20,gv: -6.416202531645572
[3.0, 0.0, 0.0, 1.0, 0.0, 0.0],c: 20,gv: -7.482286055777797
[2.0, 0.0, 0.0, 2.0, 0.0, 0.0],c: 20,gv: -7.051387754625164
[1.0, 0.0, 0.0, 3.0, 0.0, 0.0],c: 20,gv: -6.1255329697570655
[0.0, 0.0, 0.0, 4.0, 0.0, 0.0],c: 20,gv: -7.7243481014885464
[0.0, 2.0, 0.0, 0.0, 0.0, 0.0],c: 16,gv: -21.530455351862802
[0.0, 1.0, 1.0, 0.0, 0.0, 0.0],c: 18,gv: -9.8189539848432
[0.0, 1.0, 0.0, 0.0, 1.0, 0.0],c: 16,gv: -18.97274379164143
[0.0, 1.0, 0.0, 0.0, 0.0, 1.0],c: 18,gv: -10.691604421870332
[0.0, 0.0, 2.0, 0.0, 0.0, 0.0],c: 20,gv: -7.473399982423594
[0.0, 0.0, 1.0, 0.0, 1.0, 0.0],c: 18,gv: -11.258899927845926
[0.0, 0.0, 1.0, 0.0, 0.0, 1.0],c: 20,gv: -7.694403679772207
[0.0, 0.0, 0.0, 0.0, 2.0, 0.0],c: 16,gv: -21.817361894024803
[0.0, 0.0, 0.0, 0.0, 1.0, 1.0],c: 18,gv: -14.174018412148873
[0.0, 0.0, 0.0, 0.0, 0.0, 2.0],c: 20,gv: -9.600916511527998
[2.0, 1.0, 0.0, 0.0, 0.0, 0.0],c: 18,gv: -14.249325418240693
[2.0, 0.0, 1.0, 0.0, 0.0, 0.0],c: 20,gv: -8.64558770343581
[2.0, 0.0, 0.0, 0.0, 1.0, 0.0],c: 18,gv: -14.286926778558376
[2.0, 0.0, 0.0, 0.0, 0.0, 1.0],c: 20,gv: -9.04669937555754
[1.0, 1.0, 0.0, 1.0, 0.0, 0.0],c: 18,gv: -11.692870201096895
[1.0, 0.0, 1.0, 1.0, 0.0, 0.0],c: 20,gv: -8.23438026941736
[1.0, 0.0, 0.0, 1.0, 1.0, 0.0],c: 18,gv: -12.879681739100153
[1.0, 2.0, 0.0, 0.0, 0.0, 0.0],c: 21,gv: -6.211426927075598
[1.0, 1.0, 1.0, 0.0, 0.0, 0.0],c: 23,gv: -3.6362821948488255
[1.0, 1.0, 0.0, 0.0, 1.0, 0.0],c: 21,gv: -6.766453121574549
[1.0, 1.0, 0.0, 0.0, 0.0, 1.0],c: 23,gv: -4.021219816513762
[1.0, 0.0, 2.0, 0.0, 0.0, 0.0],c: 25,gv: -3.6036405663103173
[1.0, 0.0, 1.0, 0.0, 1.0, 0.0],c: 23,gv: -5.5389848812095055
[1.0, 0.0, 1.0, 0.0, 0.0, 1.0],c: 25,gv: -3.9319213189985374
[1.0, 0.0, 0.0, 0.0, 2.0, 0.0],c: 21,gv: -9.313580246913581
[1.0, 0.0, 0.0, 0.0, 1.0, 1.0],c: 23,gv: -5.856319313847831
[1.0, 0.0, 0.0, 0.0, 0.0, 2.0],c: 25,gv: -4.813246867229022
[0.0, 3.0, 0.0, 0.0, 0.0, 0.0],c: 24,gv: -4.780123609394314
[0.0, 2.0, 0.0, 1.0, 0.0, 0.0],c: 21,gv: -4.859368534676622
[0.0, 2.0, 0.0, 0.0, 1.0, 0.0],c: 24,gv: -4.859368534676622
[0.0, 1.0, 1.0, 1.0, 0.0, 0.0],c: 23,gv: -3.919657266938585
[0.0, 1.0, 0.0, 1.0, 1.0, 0.0],c: 21,gv: -5.452577319587631
[0.0, 1.0, 0.0, 1.0, 0.0, 1.0],c: 23,gv: -4.2850659649323015
[0.0, 1.0, 0.0, 0.0, 2.0, 0.0],c: 24,gv: -5.452577319587631
[0.0, 0.0, 2.0, 1.0, 0.0, 0.0],c: 25,gv: -4.065585526851927
[0.0, 0.0, 1.0, 1.0, 1.0, 0.0],c: 23,gv: -6.367177016875901
[0.0, 0.0, 1.0, 1.0, 0.0, 1.0],c: 25,gv: -3.9328095417305966
[0.0, 0.0, 0.0, 1.0, 2.0, 0.0],c: 21,gv: -11.338271604938273
[0.0, 0.0, 0.0, 1.0, 1.0, 1.0],c: 23,gv: -6.513475177304964
[0.0, 0.0, 0.0, 1.0, 0.0, 2.0],c: 25,gv: -4.535308641975312
[0.0, 0.0, 0.0, 0.0, 3.0, 0.0],c: 24,gv: -11.338271604938273
[3.0, 1.0, 0.0, 0.0, 0.0, 0.0],c: 23,gv: -4.8417688474013145
[3.0, 0.0, 1.0, 0.0, 0.0, 0.0],c: 25,gv: -3.485420944558524
[3.0, 0.0, 0.0, 0.0, 1.0, 0.0],c: 23,gv: -6.007847558913069
[3.0, 0.0, 0.0, 0.0, 0.0, 1.0],c: 25,gv: -4.19073832992375
[2.0, 1.0, 0.0, 1.0, 0.0, 0.0],c: 23,gv: -4.00245596668115
[2.0, 0.0, 1.0, 1.0, 0.0, 0.0],c: 25,gv: -3.9458087902129595
[2.0, 0.0, 0.0, 1.0, 1.0, 0.0],c: 23,gv: -7.376114037640777
[2.0, 0.0, 0.0, 1.0, 0.0, 1.0],c: 25,gv: -4.379821958456974
[1.0, 1.0, 0.0, 2.0, 0.0, 0.0],c: 23,gv: -5.403322770686424
[1.0, 0.0, 1.0, 2.0, 0.0, 0.0],c: 25,gv: -4.179587050564915
[1.0, 0.0, 0.0, 2.0, 1.0, 0.0],c: 23,gv: -5.84394176194785
[1.0, 0.0, 0.0, 2.0, 0.0, 1.0],c: 25,gv: -4.738558644853923
[0.0, 1.0, 0.0, 3.0, 0.0, 0.0],c: 23,gv: -4.542932175367394
[0.0, 0.0, 1.0, 3.0, 0.0, 0.0],c: 25,gv: -4.591574854180169
[0.0, 0.0, 0.0, 3.0, 1.0, 0.0],c: 23,gv: -6.513475177304967
[0.0, 0.0, 0.0, 3.0, 0.0, 1.0],c: 25,gv: -4.53530864197531
[5.0, 0.0, 0.0, 0.0, 0.0, 0.0],c: 25,gv: -5.1125519467419815
[4.0, 0.0, 0.0, 1.0, 0.0, 0.0],c: 25,gv: -5.80357426044213
[3.0, 0.0, 0.0, 2.0, 0.0, 0.0],c: 25,gv: -4.552894777969473
[2.0, 0.0, 0.0, 3.0, 0.0, 0.0],c: 25,gv: -5.047400564565811
[1.0, 0.0, 0.0, 4.0, 0.0, 0.0],c: 25,gv: -5.295111045259478
[0.0, 0.0, 0.0, 5.0, 0.0, 0.0],c: 25,gv: -7.203485282460499
[1.0, 2.0, 0.0, 0.0, 0.0, 0.0],c: 21,gv: -15.785243198680961
[1.0, 1.0, 1.0, 0.0, 0.0, 0.0],c: 23,gv: -9.933380782918151
[1.0, 1.0, 0.0, 0.0, 1.0, 0.0],c: 21,gv: -13.93656823623304
[1.0, 1.0, 0.0, 0.0, 0.0, 1.0],c: 23,gv: -10.457955622985018
[1.0, 0.0, 2.0, 0.0, 0.0, 0.0],c: 25,gv: -7.311782201966901
[1.0, 0.0, 1.0, 0.0, 1.0, 0.0],c: 23,gv: -10.150321920501037
[1.0, 0.0, 1.0, 0.0, 0.0, 1.0],c: 25,gv: -7.983539069776388
[1.0, 0.0, 0.0, 0.0, 2.0, 0.0],c: 21,gv: -13.392384757456574
[1.0, 0.0, 0.0, 0.0, 1.0, 1.0],c: 23,gv: -11.525894958534591
[1.0, 0.0, 0.0, 0.0, 0.0, 2.0],c: 25,gv: -7.772142603899942
[0.0, 3.0, 0.0, 0.0, 0.0, 0.0],c: 24,gv: -14.52242374278648
[0.0, 2.0, 0.0, 1.0, 0.0, 0.0],c: 21,gv: -13.119844746086128
[0.0, 2.0, 0.0, 0.0, 1.0, 0.0],c: 24,gv: -13.119844746086128
[0.0, 1.0, 1.0, 1.0, 0.0, 0.0],c: 23,gv: -8.316157205240176
[0.0, 1.0, 0.0, 1.0, 1.0, 0.0],c: 21,gv: -12.060544750834971
[0.0, 1.0, 0.0, 1.0, 0.0, 1.0],c: 23,gv: -8.93001930121716
[0.0, 1.0, 0.0, 0.0, 2.0, 0.0],c: 24,gv: -12.060544750834971
[0.0, 0.0, 2.0, 1.0, 0.0, 0.0],c: 25,gv: -7.833442114685113
[0.0, 0.0, 1.0, 1.0, 1.0, 0.0],c: 23,gv: -8.670783251424687
[0.0, 0.0, 1.0, 1.0, 0.0, 1.0],c: 25,gv: -6.024818639131586
[0.0, 0.0, 0.0, 1.0, 2.0, 0.0],c: 21,gv: -12.784796278020583
[0.0, 0.0, 0.0, 1.0, 1.0, 1.0],c: 23,gv: -10.413531718857001
[0.0, 0.0, 0.0, 1.0, 0.0, 2.0],c: 25,gv: -7.727808385609087
[0.0, 0.0, 0.0, 0.0, 3.0, 0.0],c: 24,gv: -12.784796278020583
[3.0, 1.0, 0.0, 0.0, 0.0, 0.0],c: 23,gv: -12.835511656211965
[3.0, 0.0, 1.0, 0.0, 0.0, 0.0],c: 25,gv: -10.072970116295634
[3.0, 0.0, 0.0, 0.0, 1.0, 0.0],c: 23,gv: -13.71323173999653
[3.0, 0.0, 0.0, 0.0, 0.0, 1.0],c: 25,gv: -10.116915143571784
[2.0, 1.0, 0.0, 1.0, 0.0, 0.0],c: 23,gv: -11.134957393375693
[2.0, 0.0, 1.0, 1.0, 0.0, 0.0],c: 25,gv: -8.579517634970498
[2.0, 0.0, 0.0, 1.0, 1.0, 0.0],c: 23,gv: -11.36938102891512
[2.0, 0.0, 0.0, 1.0, 0.0, 1.0],c: 25,gv: -9.449437079643463
[1.0, 1.0, 0.0, 2.0, 0.0, 0.0],c: 23,gv: -9.76993863083943
[1.0, 0.0, 1.0, 2.0, 0.0, 0.0],c: 25,gv: -7.94049664844686
[1.0, 0.0, 0.0, 2.0, 1.0, 0.0],c: 23,gv: -10.0052691756854
[1.0, 0.0, 0.0, 2.0, 0.0, 1.0],c: 25,gv: -6.617992800565274
[0.0, 1.0, 0.0, 3.0, 0.0, 0.0],c: 23,gv: -10.439510748248447
[0.0, 0.0, 1.0, 3.0, 0.0, 0.0],c: 25,gv: -6.953394418104805
[0.0, 0.0, 0.0, 3.0, 1.0, 0.0],c: 23,gv: -10.566502213159598
[0.0, 0.0, 0.0, 3.0, 0.0, 1.0],c: 25,gv: -8.077663323691489
[5.0, 0.0, 0.0, 0.0, 0.0, 0.0],c: 25,gv: -11.691335864687607
[4.0, 0.0, 0.0, 1.0, 0.0, 0.0],c: 25,gv: -10.284471270848684
[3.0, 0.0, 0.0, 2.0, 0.0, 0.0],c: 25,gv: -9.020699127230165
[2.0, 0.0, 0.0, 3.0, 0.0, 0.0],c: 25,gv: -8.436072814574278
[1.0, 0.0, 0.0, 4.0, 0.0, 0.0],c: 25,gv: -9.117537613117195
[0.0, 0.0, 0.0, 5.0, 0.0, 0.0],c: 25,gv: -9.0505870780047
[1.0, 2.0, 0.0, 0.0, 0.0, 0.0],c: 21,gv: -8.054317448943031
[1.0, 1.0, 1.0, 0.0, 0.0, 0.0],c: 23,gv: -5.385326107003132
[1.0, 1.0, 0.0, 0.0, 1.0, 0.0],c: 21,gv: -9.00273103670361
[1.0, 1.0, 0.0, 0.0, 0.0, 1.0],c: 23,gv: -5.009913171289366
[1.0, 0.0, 2.0, 0.0, 0.0, 0.0],c: 25,gv: -3.8948684210526334
[1.0, 0.0, 1.0, 0.0, 1.0, 0.0],c: 23,gv: -6.260086598714467
[1.0, 0.0, 1.0, 0.0, 0.0, 1.0],c: 25,gv: -4.115180823345494
[1.0, 0.0, 0.0, 0.0, 2.0, 0.0],c: 21,gv: -10.502737373894039
[1.0, 0.0, 0.0, 0.0, 1.0, 1.0],c: 23,gv: -6.431105220868256
[1.0, 0.0, 0.0, 0.0, 0.0, 2.0],c: 25,gv: -4.411148701252744
[0.0, 3.0, 0.0, 0.0, 0.0, 0.0],c: 24,gv: -7.873335840541557
[0.0, 2.0, 0.0, 1.0, 0.0, 0.0],c: 21,gv: -8.75642707756109
[0.0, 2.0, 0.0, 0.0, 1.0, 0.0],c: 24,gv: -8.75642707756109
[0.0, 1.0, 1.0, 1.0, 0.0, 0.0],c: 23,gv: -4.918619927788863
[0.0, 1.0, 0.0, 1.0, 1.0, 0.0],c: 21,gv: -9.328703472395704
[0.0, 1.0, 0.0, 1.0, 0.0, 1.0],c: 23,gv: -5.179878250200557
[0.0, 1.0, 0.0, 0.0, 2.0, 0.0],c: 24,gv: -9.328703472395704
[0.0, 0.0, 2.0, 1.0, 0.0, 0.0],c: 25,gv: -4.320854245530983
[0.0, 0.0, 1.0, 1.0, 1.0, 0.0],c: 23,gv: -6.525404035069188
[0.0, 0.0, 1.0, 1.0, 0.0, 1.0],c: 25,gv: -3.85160045200164
[0.0, 0.0, 0.0, 1.0, 2.0, 0.0],c: 21,gv: -10.41362974123672
[0.0, 0.0, 0.0, 1.0, 1.0, 1.0],c: 23,gv: -6.393612774451099
[0.0, 0.0, 0.0, 1.0, 0.0, 2.0],c: 25,gv: -5.102163247308245
[0.0, 0.0, 0.0, 0.0, 3.0, 0.0],c: 24,gv: -10.41362974123672
[3.0, 1.0, 0.0, 0.0, 0.0, 0.0],c: 23,gv: -7.415802044553736
[3.0, 0.0, 1.0, 0.0, 0.0, 0.0],c: 25,gv: -4.972073210161362
[3.0, 0.0, 0.0, 0.0, 1.0, 0.0],c: 23,gv: -8.331109401678505
[3.0, 0.0, 0.0, 0.0, 0.0, 1.0],c: 25,gv: -4.968904200344508
[2.0, 1.0, 0.0, 1.0, 0.0, 0.0],c: 23,gv: -6.887820886757707
[2.0, 0.0, 1.0, 1.0, 0.0, 0.0],c: 25,gv: -4.285819664002602
[2.0, 0.0, 0.0, 1.0, 1.0, 0.0],c: 23,gv: -8.690637970010753
[2.0, 0.0, 0.0, 1.0, 0.0, 1.0],c: 25,gv: -4.8434903842071755
[1.0, 1.0, 0.0, 2.0, 0.0, 0.0],c: 23,gv: -9.225587501903492
[1.0, 0.0, 1.0, 2.0, 0.0, 0.0],c: 25,gv: -4.7280911175572715
[1.0, 0.0, 0.0, 2.0, 1.0, 0.0],c: 23,gv: -8.16153032588585
[1.0, 0.0, 0.0, 2.0, 0.0, 1.0],c: 25,gv: -6.606057854979508
[0.0, 1.0, 0.0, 3.0, 0.0, 0.0],c: 23,gv: -6.086318369848323
[0.0, 0.0, 1.0, 3.0, 0.0, 0.0],c: 25,gv: -5.118452956495454
[0.0, 0.0, 0.0, 3.0, 1.0, 0.0],c: 23,gv: -9.421280135561888
[0.0, 0.0, 0.0, 3.0, 0.0, 1.0],c: 25,gv: -5.517737310646419
[5.0, 0.0, 0.0, 0.0, 0.0, 0.0],c: 25,gv: -7.660287703016245
[4.0, 0.0, 0.0, 1.0, 0.0, 0.0],c: 25,gv: -5.998097433005618
[3.0, 0.0, 0.0, 2.0, 0.0, 0.0],c: 25,gv: -5.985777716075976
[2.0, 0.0, 0.0, 3.0, 0.0, 0.0],c: 25,gv: -5.743152661783577
[1.0, 0.0, 0.0, 4.0, 0.0, 0.0],c: 25,gv: -8.181996541270149
[0.0, 0.0, 0.0, 5.0, 0.0, 0.0],c: 25,gv: -6.415293977729084
[1.0, 2.0, 0.0, 0.0, 0.0, 0.0],c: 21,gv: -7.415319902590214
[1.0, 1.0, 1.0, 0.0, 0.0, 0.0],c: 23,gv: -3.544205052005945
[1.0, 1.0, 0.0, 0.0, 1.0, 0.0],c: 21,gv: -6.5662565364503225
[1.0, 1.0, 0.0, 0.0, 0.0, 1.0],c: 23,gv: -6.054335770648116
[1.0, 0.0, 2.0, 0.0, 0.0, 0.0],c: 25,gv: -3.6823255813953506
[1.0, 0.0, 1.0, 0.0, 1.0, 0.0],c: 23,gv: -5.846190836593242
[1.0, 0.0, 1.0, 0.0, 0.0, 1.0],c: 25,gv: -6.5307038054218
[1.0, 0.0, 0.0, 0.0, 2.0, 0.0],c: 21,gv: -8.545762947120751
[1.0, 0.0, 0.0, 0.0, 1.0, 1.0],c: 23,gv: -6.420404389596816
[1.0, 0.0, 0.0, 0.0, 0.0, 2.0],c: 25,gv: -4.555775577557757
[0.0, 3.0, 0.0, 0.0, 0.0, 0.0],c: 24,gv: -6.840385102609576
[0.0, 2.0, 0.0, 1.0, 0.0, 0.0],c: 21,gv: -6.038462935386627
[0.0, 2.0, 0.0, 0.0, 1.0, 0.0],c: 24,gv: -6.038462935386627
[0.0, 1.0, 1.0, 1.0, 0.0, 0.0],c: 23,gv: -3.1325559105431298
[0.0, 1.0, 0.0, 1.0, 1.0, 0.0],c: 21,gv: -6.340007758122242
[0.0, 1.0, 0.0, 1.0, 0.0, 1.0],c: 23,gv: -6.490373794802817
[0.0, 1.0, 0.0, 0.0, 2.0, 0.0],c: 24,gv: -6.340007758122242
[0.0, 0.0, 2.0, 1.0, 0.0, 0.0],c: 25,gv: -3.9655813953488384
[0.0, 0.0, 1.0, 1.0, 1.0, 0.0],c: 23,gv: -5.40244217391876
[0.0, 0.0, 1.0, 1.0, 0.0, 1.0],c: 25,gv: -4.440625000000001
[0.0, 0.0, 0.0, 1.0, 2.0, 0.0],c: 21,gv: -8.258849828047383
[0.0, 0.0, 0.0, 1.0, 1.0, 1.0],c: 23,gv: -5.287441860465116
[0.0, 0.0, 0.0, 1.0, 0.0, 2.0],c: 25,gv: -5.287441860465116
[0.0, 0.0, 0.0, 0.0, 3.0, 0.0],c: 24,gv: -8.258849828047383
[3.0, 1.0, 0.0, 0.0, 0.0, 0.0],c: 23,gv: -6.0356238606319685
[3.0, 0.0, 1.0, 0.0, 0.0, 0.0],c: 25,gv: -3.5869067796610183
[3.0, 0.0, 0.0, 0.0, 1.0, 0.0],c: 23,gv: -6.942075175321593
[3.0, 0.0, 0.0, 0.0, 0.0, 1.0],c: 25,gv: -3.870280373831777
[2.0, 1.0, 0.0, 1.0, 0.0, 0.0],c: 23,gv: -5.321233784604917
[2.0, 0.0, 1.0, 1.0, 0.0, 0.0],c: 25,gv: -3.112316642417669
[2.0, 0.0, 0.0, 1.0, 1.0, 0.0],c: 23,gv: -5.708128716016884
[2.0, 0.0, 0.0, 1.0, 0.0, 1.0],c: 25,gv: -3.420763397587561
[1.0, 1.0, 0.0, 2.0, 0.0, 0.0],c: 23,gv: -3.735078758914532
[1.0, 0.0, 1.0, 2.0, 0.0, 0.0],c: 25,gv: -3.8633738416067107
[1.0, 0.0, 0.0, 2.0, 1.0, 0.0],c: 23,gv: -5.5234883720930235
[1.0, 0.0, 0.0, 2.0, 0.0, 1.0],c: 25,gv: -3.982037260761748
[0.0, 1.0, 0.0, 3.0, 0.0, 0.0],c: 23,gv: -4.057751246230539
[0.0, 0.0, 1.0, 3.0, 0.0, 0.0],c: 25,gv: -3.575667500816017
[0.0, 0.0, 0.0, 3.0, 1.0, 0.0],c: 23,gv: -4.640000000000001
[0.0, 0.0, 0.0, 3.0, 0.0, 1.0],c: 25,gv: -3.5525000000000007
[5.0, 0.0, 0.0, 0.0, 0.0, 0.0],c: 25,gv: -5.0265490091666365
[4.0, 0.0, 0.0, 1.0, 0.0, 0.0],c: 25,gv: -4.16377591544958
[3.0, 0.0, 0.0, 2.0, 0.0, 0.0],c: 25,gv: -4.1624894355862
[2.0, 0.0, 0.0, 3.0, 0.0, 0.0],c: 25,gv: -3.5598832196598744
[1.0, 0.0, 0.0, 4.0, 0.0, 0.0],c: 25,gv: -3.6701003344481613
[0.0, 0.0, 0.0, 5.0, 0.0, 0.0],c: 25,gv: -3.9326928948913693
[1.0, 2.0, 0.0, 0.0, 0.0, 0.0],c: 21,gv: -4.064568726561225
[1.0, 1.0, 1.0, 0.0, 0.0, 0.0],c: 23,gv: -8.498171786708866
[1.0, 1.0, 0.0, 0.0, 1.0, 0.0],c: 21,gv: -9.157672545479796
[1.0, 1.0, 0.0, 0.0, 0.0, 1.0],c: 23,gv: -4.51850052356021
[1.0, 0.0, 2.0, 0.0, 0.0, 0.0],c: 25,gv: -6.718140865014196
[1.0, 0.0, 1.0, 0.0, 1.0, 0.0],c: 23,gv: -7.88331963845522
[1.0, 0.0, 1.0, 0.0, 0.0, 1.0],c: 25,gv: -4.6801172785932605
[1.0, 0.0, 0.0, 0.0, 2.0, 0.0],c: 21,gv: -13.52219873150106
[1.0, 0.0, 0.0, 0.0, 1.0, 1.0],c: 23,gv: -9.290023690444855
[1.0, 0.0, 0.0, 0.0, 0.0, 2.0],c: 25,gv: -6.127584090372561
[0.0, 3.0, 0.0, 0.0, 0.0, 0.0],c: 24,gv: -3.993746721225474
[0.0, 2.0, 0.0, 1.0, 0.0, 0.0],c: 21,gv: -4.0090868684873335
[0.0, 2.0, 0.0, 0.0, 1.0, 0.0],c: 24,gv: -4.0090868684873335
[0.0, 1.0, 1.0, 1.0, 0.0, 0.0],c: 23,gv: -6.952472949925911
[0.0, 1.0, 0.0, 1.0, 1.0, 0.0],c: 21,gv: -11.635684330918796
[0.0, 1.0, 0.0, 1.0, 0.0, 1.0],c: 23,gv: -8.248841826604899
[0.0, 1.0, 0.0, 0.0, 2.0, 0.0],c: 24,gv: -11.635684330918796
[0.0, 0.0, 2.0, 1.0, 0.0, 0.0],c: 25,gv: -6.4893851186659095
[0.0, 0.0, 1.0, 1.0, 1.0, 0.0],c: 23,gv: -9.02071235883133
[0.0, 0.0, 1.0, 1.0, 0.0, 1.0],c: 25,gv: -5.174515752625438
[0.0, 0.0, 0.0, 1.0, 2.0, 0.0],c: 21,gv: -15.349282296650717
[0.0, 0.0, 0.0, 1.0, 1.0, 1.0],c: 23,gv: -9.892192534575921
[0.0, 0.0, 0.0, 1.0, 0.0, 2.0],c: 25,gv: -6.0918001586042845
[0.0, 0.0, 0.0, 0.0, 3.0, 0.0],c: 24,gv: -15.349282296650717
[3.0, 1.0, 0.0, 0.0, 0.0, 0.0],c: 23,gv: -6.870366457043143
[3.0, 0.0, 1.0, 0.0, 0.0, 0.0],c: 25,gv: -5.487494815985664
[3.0, 0.0, 0.0, 0.0, 1.0, 0.0],c: 23,gv: -9.880391144407161
[3.0, 0.0, 0.0, 0.0, 0.0, 1.0],c: 25,gv: -4.786969083773374
[2.0, 1.0, 0.0, 1.0, 0.0, 0.0],c: 23,gv: -3.901771375570236
[2.0, 0.0, 1.0, 1.0, 0.0, 0.0],c: 25,gv: -7.375770978462289
[2.0, 0.0, 0.0, 1.0, 1.0, 0.0],c: 23,gv: -9.13763968450192
[2.0, 0.0, 0.0, 1.0, 0.0, 1.0],c: 25,gv: -4.838065027755749
[1.0, 1.0, 0.0, 2.0, 0.0, 0.0],c: 23,gv: -6.0307584171476645
[1.0, 0.0, 1.0, 2.0, 0.0, 0.0],c: 25,gv: -5.320286940825472
[1.0, 0.0, 0.0, 2.0, 1.0, 0.0],c: 23,gv: -9.146450485958706
[1.0, 0.0, 0.0, 2.0, 0.0, 1.0],c: 25,gv: -5.959986259875715
[0.0, 1.0, 0.0, 3.0, 0.0, 0.0],c: 23,gv: -5.9963436928702025
[0.0, 0.0, 1.0, 3.0, 0.0, 0.0],c: 25,gv: -6.220130378533587
[0.0, 0.0, 0.0, 3.0, 1.0, 0.0],c: 23,gv: -15.18108277050205
[0.0, 0.0, 0.0, 3.0, 0.0, 1.0],c: 25,gv: -6.420276517375754
[5.0, 0.0, 0.0, 0.0, 0.0, 0.0],c: 25,gv: -3.684036631352131
[4.0, 0.0, 0.0, 1.0, 0.0, 0.0],c: 25,gv: -7.4878086810576905
[3.0, 0.0, 0.0, 2.0, 0.0, 0.0],c: 25,gv: -5.4108004988371725
[2.0, 0.0, 0.0, 3.0, 0.0, 0.0],c: 25,gv: -6.002670506610814
[1.0, 0.0, 0.0, 4.0, 0.0, 0.0],c: 25,gv: -6.267946652921848
[0.0, 0.0, 0.0, 5.0, 0.0, 0.0],c: 25,gv: -8.195849310414168
[1.0, 2.0, 0.0, 0.0, 0.0, 0.0],c: 21,gv: -1.184829987709955
[1.0, 1.0, 1.0, 0.0, 0.0, 0.0],c: 23,gv: -0.8156250000000012
[1.0, 1.0, 0.0, 0.0, 1.0, 0.0],c: 21,gv: -1.9551668253029095
[1.0, 1.0, 0.0, 0.0, 0.0, 1.0],c: 23,gv: -1.014088050314466
[1.0, 0.0, 2.0, 0.0, 0.0, 0.0],c: 25,gv: -0.7830000000000006
[1.0, 0.0, 1.0, 0.0, 1.0, 0.0],c: 23,gv: -1.897549933422105
[1.0, 0.0, 1.0, 0.0, 0.0, 1.0],c: 25,gv: -1.044000000000001
[1.0, 0.0, 0.0, 0.0, 2.0, 0.0],c: 21,gv: -3.687285223367698
[1.0, 0.0, 0.0, 0.0, 1.0, 1.0],c: 23,gv: -2.391541850220265
[1.0, 0.0, 0.0, 0.0, 0.0, 2.0],c: 25,gv: -1.3920000000000012
[0.0, 3.0, 0.0, 0.0, 0.0, 0.0],c: 24,gv: -0.828294314381271
[0.0, 2.0, 0.0, 1.0, 0.0, 0.0],c: 21,gv: -1.1229787234042559
[0.0, 2.0, 0.0, 0.0, 1.0, 0.0],c: 24,gv: -1.1229787234042559
[0.0, 1.0, 1.0, 1.0, 0.0, 0.0],c: 23,gv: -0.8232582322357025
[0.0, 1.0, 0.0, 1.0, 1.0, 0.0],c: 21,gv: -2.1289411764705886
[0.0, 1.0, 0.0, 1.0, 0.0, 1.0],c: 23,gv: -1.0707692307692318
[0.0, 1.0, 0.0, 0.0, 2.0, 0.0],c: 24,gv: -2.1289411764705886
[0.0, 0.0, 2.0, 1.0, 0.0, 0.0],c: 25,gv: -1.0440000000000007
[0.0, 0.0, 1.0, 1.0, 1.0, 0.0],c: 23,gv: -2.3694712767388677
[0.0, 0.0, 1.0, 1.0, 0.0, 1.0],c: 25,gv: -1.3920000000000012
[0.0, 0.0, 0.0, 1.0, 2.0, 0.0],c: 21,gv: -4.565085771947528
[0.0, 0.0, 0.0, 1.0, 1.0, 1.0],c: 23,gv: -2.8275000000000015
[0.0, 0.0, 0.0, 1.0, 0.0, 2.0],c: 25,gv: -1.8560000000000016
[0.0, 0.0, 0.0, 0.0, 3.0, 0.0],c: 24,gv: -4.565085771947528
[3.0, 1.0, 0.0, 0.0, 0.0, 0.0],c: 23,gv: -0.819115005476452
[0.0, 1.0, 0.0, 0.0],c: 6,gv: -13.63759630200308
[0.0, 0.0, 1.0, 0.0],c: 7,gv: -13.213213703099512
[0.0, 0.0, 0.0, 1.0],c: 8,gv: -12.806239168110917
[2.0, 0.0, 0.0, 0.0],c: 10,gv: -12.205696202531644
[1.0, 1.0, 0.0, 0.0],c: 11,gv: -11.445103857566767
[1.0, 0.0, 1.0, 0.0],c: 12,gv: -10.964963503649635
[1.0, 0.0, 0.0, 1.0],c: 13,gv: -10.520437956204377
[0.0, 2.0, 0.0, 0.0],c: 12,gv: -11.119095477386931
[0.0, 1.0, 1.0, 0.0],c: 13,gv: -10.572265023112482
[0.0, 1.0, 0.0, 1.0],c: 14,gv: -10.134360554699537
[0.0, 0.0, 2.0, 0.0],c: 14,gv: -10.199673735725938
[0.0, 0.0, 1.0, 1.0],c: 15,gv: -9.769168026101145
[3.0, 0.0, 0.0, 0.0],c: 15,gv: -10.732283464566931
[0.0, 0.0, 0.0, 2.0],c: 16,gv: -9.428769497400346
[2.0, 1.0, 0.0, 0.0],c: 16,gv: -10.339466666666667
[2.0, 0.0, 1.0, 0.0],c: 17,gv: -9.177670572019299
[2.0, 0.0, 0.0, 1.0],c: 18,gv: -8.297810218978102
[1.0, 2.0, 0.0, 0.0],c: 17,gv: -9.276557863501486
[1.0, 1.0, 1.0, 0.0],c: 18,gv: -9.001613840091682
[1.0, 1.0, 0.0, 1.0],c: 19,gv: -7.853284671532846
[1.0, 0.0, 2.0, 0.0],c: 19,gv: -8.076344086021507
[1.0, 0.0, 1.0, 1.0],c: 20,gv: -7.791164289001381
[0.0, 3.0, 0.0, 0.0],c: 18,gv: -8.995209580838324
[0.0, 2.0, 1.0, 0.0],c: 19,gv: -9.039377159962486
[0.0, 2.0, 0.0, 1.0],c: 20,gv: -7.50693374422188
[0.0, 1.0, 2.0, 0.0],c: 20,gv: -7.91514810226377
[4.0, 0.0, 0.0, 0.0],c: 20,gv: -8.56697247706422
[0.0, 1.0, 0.0, 0.0],c: 6,gv: -27.908571428571424
[0.0, 0.0, 1.0, 0.0],c: 7,gv: -26.870918918918917
[0.0, 0.0, 0.0, 1.0],c: 8,gv: -25.914482758620693
[2.0, 0.0, 0.0, 0.0],c: 10,gv: -22.318840579710148
[1.0, 1.0, 0.0, 0.0],c: 11,gv: -20.979710144927534
[1.0, 0.0, 1.0, 0.0],c: 12,gv: -19.64057971014493
[1.0, 0.0, 0.0, 1.0],c: 13,gv: -18.301449275362316
[0.0, 2.0, 0.0, 0.0],c: 12,gv: -19.988571428571422
[0.0, 1.0, 1.0, 0.0],c: 13,gv: -18.66857142857143
[0.0, 1.0, 0.0, 1.0],c: 14,gv: -17.348571428571425
[0.0, 0.0, 2.0, 0.0],c: 14,gv: -17.780756756756755
[0.0, 0.0, 1.0, 1.0],c: 15,gv: -16.48216216216216
[3.0, 0.0, 0.0, 0.0],c: 15,gv: -16.92307692307692
[0.0, 0.0, 0.0, 2.0],c: 16,gv: -15.718620689655172
[2.0, 1.0, 0.0, 0.0],c: 16,gv: -15.098039215686276
[2.0, 0.0, 1.0, 0.0],c: 17,gv: -14.934418604651164
[2.0, 0.0, 0.0, 1.0],c: 18,gv: -12.659623638164412
[1.0, 2.0, 0.0, 0.0],c: 17,gv: -15.20869565217391
[1.0, 1.0, 1.0, 0.0],c: 18,gv: -12.02991689750693
[1.0, 1.0, 0.0, 1.0],c: 19,gv: -10.35404255319149
[1.0, 0.0, 2.0, 0.0],c: 19,gv: -12.232904884318769
[1.0, 0.0, 1.0, 1.0],c: 20,gv: -9.24
[0.0, 3.0, 0.0, 0.0],c: 18,gv: -14.30521327014218
[0.0, 2.0, 1.0, 0.0],c: 19,gv: -12.927252235329478
[0.0, 2.0, 0.0, 1.0],c: 20,gv: -10.80369230769231
[0.0, 1.0, 2.0, 0.0],c: 20,gv: -11.559073055773766
[4.0, 0.0, 0.0, 0.0],c: 20,gv: -14.384615384615385
[0.0, 1.0, 0.0, 0.0],c: 6,gv: -21.83146067415731
[0.0, 0.0, 1.0, 0.0],c: 7,gv: -20.911849710982658
[0.0, 0.0, 0.0, 1.0],c: 8,gv: -20.023809523809522
[2.0, 0.0, 0.0, 0.0],c: 10,gv: -17.827868852459016
[1.0, 1.0, 0.0, 0.0],c: 11,gv: -17.796029244080756
[1.0, 0.0, 1.0, 0.0],c: 12,gv: -15.959804658151764
[1.0, 0.0, 0.0, 1.0],c: 13,gv: -14.856557377049176
[0.0, 2.0, 0.0, 0.0],c: 12,gv: -15.966292134831464
[0.0, 1.0, 1.0, 0.0],c: 13,gv: -15.093593351508224
[0.0, 1.0, 0.0, 1.0],c: 14,gv: -14.058171745152354
[0.0, 0.0, 2.0, 0.0],c: 14,gv: -14.477845683728033
[0.0, 0.0, 1.0, 1.0],c: 15,gv: -13.257693159176442
[3.0, 0.0, 0.0, 0.0],c: 15,gv: -14.175977653631284
[0.0, 0.0, 0.0, 2.0],c: 16,gv: -13.018971902372433
[2.0, 1.0, 0.0, 0.0],c: 16,gv: -13.615318044136737
[2.0, 0.0, 1.0, 0.0],c: 17,gv: -12.948649228130362
[2.0, 0.0, 0.0, 1.0],c: 18,gv: -12.592895608947806
[1.0, 2.0, 0.0, 0.0],c: 17,gv: -12.335389162937206
[1.0, 1.0, 1.0, 0.0],c: 18,gv: -11.945651647468866
[1.0, 1.0, 0.0, 1.0],c: 19,gv: -13.288737050914701
[1.0, 0.0, 2.0, 0.0],c: 19,gv: -11.328867928167737
[1.0, 0.0, 1.0, 1.0],c: 20,gv: -10.537116015480223
[0.0, 3.0, 0.0, 0.0],c: 18,gv: -11.708018623900672
[0.0, 2.0, 1.0, 0.0],c: 19,gv: -12.52536631949824
[0.0, 2.0, 0.0, 1.0],c: 20,gv: -10.516867469879523
[0.0, 1.0, 2.0, 0.0],c: 20,gv: -10.544660941262778
[4.0, 0.0, 0.0, 0.0],c: 20,gv: -11.832344213649854
[0.0, 1.0, 0.0, 0.0],c: 6,gv: -29.036065573770493
[0.0, 0.0, 1.0, 0.0],c: 7,gv: -28.095081967213115
[0.0, 0.0, 0.0, 1.0],c: 8,gv: -27.422950819672128
[2.0, 0.0, 0.0, 0.0],c: 10,gv: -20.55225148683092
[1.0, 1.0, 0.0, 0.0],c: 11,gv: -18.95409836065574
[1.0, 0.0, 1.0, 0.0],c: 12,gv: -18.01311475409836
[1.0, 0.0, 0.0, 1.0],c: 13,gv: -17.340983606557376
[0.0, 2.0, 0.0, 0.0],c: 12,gv: -17.744262295081967
[0.0, 1.0, 1.0, 0.0],c: 13,gv: -17.029368749108833
[0.0, 1.0, 0.0, 1.0],c: 14,gv: -16.13114754098361
[0.0, 0.0, 2.0, 0.0],c: 14,gv: -17.034869658626132
[0.0, 0.0, 1.0, 1.0],c: 15,gv: -16.023905187878295
[3.0, 0.0, 0.0, 0.0],c: 15,gv: -13.073516386182463
[0.0, 0.0, 0.0, 2.0],c: 16,gv: -16.668852459016392
[2.0, 1.0, 0.0, 0.0],c: 16,gv: -10.0
[2.0, 0.0, 1.0, 0.0],c: 17,gv: -16.156640998257544
[2.0, 0.0, 0.0, 1.0],c: 18,gv: -16.464807758220935
[1.0, 2.0, 0.0, 0.0],c: 17,gv: -14.489474961572688
[1.0, 1.0, 1.0, 0.0],c: 18,gv: -11.15269773878357
[1.0, 1.0, 0.0, 1.0],c: 19,gv: -8.570313180600037
[1.0, 0.0, 2.0, 0.0],c: 19,gv: -8.699446703222987
[1.0, 0.0, 1.0, 1.0],c: 20,gv: -8.432361943073275
[0.0, 3.0, 0.0, 0.0],c: 18,gv: -10.371333714939897
[0.0, 2.0, 1.0, 0.0],c: 19,gv: -7.926690995869489
[0.0, 2.0, 0.0, 1.0],c: 20,gv: -7.8621046453040515
[0.0, 1.0, 2.0, 0.0],c: 20,gv: -7.765076569283628
[4.0, 0.0, 0.0, 0.0],c: 20,gv: -13.936447969618452
